"Match ID","Matchday","Finished","Kick-off Time","Home Team Score","Away Team Score","Difficulty For Home Team","Difficulty For Away Team","Home or Away","Team","Opponent","Team ID"
1,1,TRUE,"2026-08-21",3,0,2,5,"Home","Arsenal","Coventry City",1
1,1,TRUE,"2026-08-21",3,0,2,5,"Away","Coventry City","Arsenal",7
4,1,TRUE,"2026-08-22",2,0,4,2,"Home","Hull City","Manchester United",11
4,1,TRUE,"2026-08-22",2,0,4,2,"Away","Manchester United","Hull City",16
3,1,TRUE,"2026-08-22",2,0,3,3,"Home","Everton","Crystal Palace",9
3,1,TRUE,"2026-08-22",2,0,3,3,"Away","Crystal Palace","Everton",8
5,1,TRUE,"2026-08-22",2,1,2,2,"Home","Ipswich Town","Sunderland",12
5,1,TRUE,"2026-08-22",2,1,2,2,"Away","Sunderland","Ipswich Town",20
6,1,TRUE,"2026-08-22",0,1,2,3,"Home","Nottingham Forest","Leeds United",18
6,1,TRUE,"2026-08-22",0,1,2,3,"Away","Leeds United","Nottingham Forest",13
2,1,TRUE,"2026-08-22",3,0,3,3,"Home","Brentford","Tottenham Hotspur",4
2,1,TRUE,"2026-08-22",3,0,3,3,"Away","Tottenham Hotspur","Brentford",19
7,1,TRUE,"2026-08-23",4,0,3,3,"Home","Brighton & Hove Albion","Aston Villa",5
7,1,TRUE,"2026-08-23",4,0,3,3,"Away","Aston Villa","Brighton & Hove Albion",2
8,1,TRUE,"2026-08-23",2,1,3,5,"Home","Manchester City","AFC Bournemouth",15
8,1,TRUE,"2026-08-23",2,1,3,5,"Away","AFC Bournemouth","Manchester City",3
9,1,TRUE,"2026-08-23",2,2,4,3,"Home","Newcastle United","Liverpool",17
9,1,TRUE,"2026-08-23",2,2,4,3,"Away","Liverpool","Newcastle United",14
10,1,TRUE,"2026-08-24",2,3,4,3,"Home","Fulham","Chelsea",10
10,1,TRUE,"2026-08-24",2,3,4,3,"Away","Chelsea","Fulham",6
11,2,TRUE,"2026-08-28",1,4,4,3,"Home","Crystal Palace","Manchester City",8
11,2,TRUE,"2026-08-28",1,4,4,3,"Away","Manchester City","Crystal Palace",15
14,2,TRUE,"2026-08-29",2,2,3,4,"Home","Liverpool","Nottingham Forest",14
14,2,TRUE,"2026-08-29",2,2,3,4,"Away","Nottingham Forest","Liverpool",18
12,2,TRUE,"2026-08-29",1,1,3,3,"Home","AFC Bournemouth","Everton",3
12,2,TRUE,"2026-08-29",1,1,3,3,"Away","Everton","AFC Bournemouth",9
13,2,TRUE,"2026-08-29",0,1,2,2,"Home","Coventry City","Hull City",7
13,2,TRUE,"2026-08-29",0,1,2,2,"Away","Hull City","Coventry City",11
15,2,TRUE,"2026-08-29",0,2,2,3,"Home","Tottenham Hotspur","Newcastle United",19
15,2,TRUE,"2026-08-29",0,2,2,3,"Away","Newcastle United","Tottenham Hotspur",17
16,2,TRUE,"2026-08-30",4,3,2,4,"Home","Chelsea","Brighton & Hove Albion",6
16,2,TRUE,"2026-08-30",4,3,2,4,"Away","Brighton & Hove Albion","Chelsea",5
17,2,TRUE,"2026-08-30",1,1,3,3,"Home","Leeds United","Brentford",13
17,2,TRUE,"2026-08-30",1,1,3,3,"Away","Brentford","Leeds United",4
19,2,TRUE,"2026-08-30",1,0,2,3,"Home","Sunderland","Fulham",20
19,2,TRUE,"2026-08-30",1,0,2,3,"Away","Fulham","Sunderland",10
18,2,TRUE,"2026-08-30",5,2,2,4,"Home","Manchester United","Ipswich Town",16
18,2,TRUE,"2026-08-30",5,2,2,4,"Away","Ipswich Town","Manchester United",12
20,2,TRUE,"2026-08-31",0,1,4,4,"Home","Aston Villa","Arsenal",2
20,2,TRUE,"2026-08-31",0,1,4,4,"Away","Arsenal","Aston Villa",1
21,3,FALSE,"2026-09-04",0,2,4,2,"Home","Ipswich Town","Liverpool",12
21,3,FALSE,"2026-09-04",0,2,4,2,"Away","Liverpool","Ipswich Town",14
27,3,FALSE,"2026-09-05",NA,NA,3,3,"Home","Newcastle United","AFC Bournemouth",17
27,3,FALSE,"2026-09-05",NA,NA,3,3,"Away","AFC Bournemouth","Newcastle United",3
22,3,FALSE,"2026-09-05",NA,NA,2,3,"Home","Brentford","Sunderland",4
22,3,FALSE,"2026-09-05",NA,NA,2,3,"Away","Sunderland","Brentford",20
23,3,FALSE,"2026-09-05",NA,NA,2,3,"Home","Brighton & Hove Albion","Leeds United",5
23,3,FALSE,"2026-09-05",NA,NA,2,3,"Away","Leeds United","Brighton & Hove Albion",13
24,3,FALSE,"2026-09-05",NA,NA,3,3,"Home","Fulham","Crystal Palace",10
24,3,FALSE,"2026-09-05",NA,NA,3,3,"Away","Crystal Palace","Fulham",8
26,3,FALSE,"2026-09-05",NA,NA,2,5,"Home","Manchester City","Coventry City",15
26,3,FALSE,"2026-09-05",NA,NA,2,5,"Away","Coventry City","Manchester City",7
28,3,FALSE,"2026-09-05",NA,NA,3,3,"Home","Nottingham Forest","Tottenham Hotspur",18
28,3,FALSE,"2026-09-05",NA,NA,3,3,"Away","Tottenham Hotspur","Nottingham Forest",19
25,3,FALSE,"2026-09-05",NA,NA,3,2,"Home","Hull City","Aston Villa",11
25,3,FALSE,"2026-09-05",NA,NA,3,2,"Away","Aston Villa","Hull City",2
30,3,FALSE,"2026-09-06",NA,NA,4,3,"Home","Everton","Manchester United",9
30,3,FALSE,"2026-09-06",NA,NA,4,3,"Away","Manchester United","Everton",16
29,3,FALSE,"2026-09-06",NA,NA,4,5,"Home","Arsenal","Chelsea",1
29,3,FALSE,"2026-09-06",NA,NA,4,5,"Away","Chelsea","Arsenal",6
31,4,FALSE,"2026-09-12",NA,NA,3,4,"Home","Aston Villa","Nottingham Forest",2
31,4,FALSE,"2026-09-12",NA,NA,3,4,"Away","Nottingham Forest","Aston Villa",18
32,4,FALSE,"2026-09-12",NA,NA,3,3,"Home","AFC Bournemouth","Brentford",3
32,4,FALSE,"2026-09-12",NA,NA,3,3,"Away","Brentford","AFC Bournemouth",4
33,4,FALSE,"2026-09-12",NA,NA,2,4,"Home","Chelsea","Hull City",6
33,4,FALSE,"2026-09-12",NA,NA,2,4,"Away","Hull City","Chelsea",11
34,4,FALSE,"2026-09-12",NA,NA,2,3,"Home","Crystal Palace","Ipswich Town",8
34,4,FALSE,"2026-09-12",NA,NA,2,3,"Away","Ipswich Town","Crystal Palace",12
35,4,FALSE,"2026-09-12",NA,NA,2,4,"Home","Liverpool","Fulham",14
35,4,FALSE,"2026-09-12",NA,NA,2,4,"Away","Fulham","Liverpool",10
37,4,FALSE,"2026-09-12",NA,NA,3,3,"Home","Tottenham Hotspur","Everton",19
37,4,FALSE,"2026-09-12",NA,NA,3,3,"Away","Everton","Tottenham Hotspur",9
36,4,FALSE,"2026-09-12",NA,NA,4,3,"Home","Sunderland","Arsenal",20
36,4,FALSE,"2026-09-12",NA,NA,4,3,"Away","Arsenal","Sunderland",1
38,4,FALSE,"2026-09-13",NA,NA,2,2,"Home","Coventry City","Brighton & Hove Albion",7
38,4,FALSE,"2026-09-13",NA,NA,2,2,"Away","Brighton & Hove Albion","Coventry City",5
39,4,FALSE,"2026-09-13",NA,NA,4,4,"Home","Manchester United","Manchester City",16
39,4,FALSE,"2026-09-13",NA,NA,4,4,"Away","Manchester City","Manchester United",15
40,4,FALSE,"2026-09-14",NA,NA,2,3,"Home","Leeds United","Newcastle United",13
40,4,FALSE,"2026-09-14",NA,NA,2,3,"Away","Newcastle United","Leeds United",17
41,5,FALSE,"2026-09-18",NA,NA,4,3,"Home","Brentford","Chelsea",4
41,5,FALSE,"2026-09-18",NA,NA,4,3,"Away","Chelsea","Brentford",6
48,5,FALSE,"2026-09-19",NA,NA,3,3,"Home","Tottenham Hotspur","Aston Villa",19
48,5,FALSE,"2026-09-19",NA,NA,3,3,"Away","Aston Villa","Tottenham Hotspur",2
42,5,FALSE,"2026-09-19",NA,NA,4,3,"Home","Brighton & Hove Albion","Arsenal",5
42,5,FALSE,"2026-09-19",NA,NA,4,3,"Away","Arsenal","Brighton & Hove Albion",1
43,5,FALSE,"2026-09-19",NA,NA,2,3,"Home","Everton","Ipswich Town",9
43,5,FALSE,"2026-09-19",NA,NA,2,3,"Away","Ipswich Town","Everton",12
46,5,FALSE,"2026-09-19",NA,NA,2,3,"Home","Newcastle United","Hull City",17
46,5,FALSE,"2026-09-19",NA,NA,2,3,"Away","Hull City","Newcastle United",11
47,5,FALSE,"2026-09-19",NA,NA,2,3,"Home","Nottingham Forest","Coventry City",18
47,5,FALSE,"2026-09-19",NA,NA,2,3,"Away","Coventry City","Nottingham Forest",7
49,5,FALSE,"2026-09-20",NA,NA,4,3,"Home","AFC Bournemouth","Liverpool",3
49,5,FALSE,"2026-09-20",NA,NA,4,3,"Away","Liverpool","AFC Bournemouth",14
44,5,FALSE,"2026-09-20",NA,NA,3,3,"Home","Leeds United","Crystal Palace",13
44,5,FALSE,"2026-09-20",NA,NA,3,3,"Away","Crystal Palace","Leeds United",8
45,5,FALSE,"2026-09-20",NA,NA,2,5,"Home","Manchester City","Sunderland",15
45,5,FALSE,"2026-09-20",NA,NA,2,5,"Away","Sunderland","Manchester City",20
50,5,FALSE,"2026-09-20",NA,NA,4,3,"Home","Fulham","Manchester United",10
50,5,FALSE,"2026-09-20",NA,NA,4,3,"Away","Manchester United","Fulham",16
51,6,FALSE,"2026-10-10",NA,NA,2,5,"Home","Arsenal","Leeds United",1
51,6,FALSE,"2026-10-10",NA,NA,2,5,"Away","Leeds United","Arsenal",13
52,6,FALSE,"2026-10-10",NA,NA,3,4,"Home","Aston Villa","Brentford",2
52,6,FALSE,"2026-10-10",NA,NA,3,4,"Away","Brentford","Aston Villa",4
53,6,FALSE,"2026-10-10",NA,NA,3,4,"Home","Chelsea","AFC Bournemouth",6
53,6,FALSE,"2026-10-10",NA,NA,3,4,"Away","AFC Bournemouth","Chelsea",3
57,6,FALSE,"2026-10-10",NA,NA,2,2,"Home","Ipswich Town","Fulham",12
57,6,FALSE,"2026-10-10",NA,NA,2,2,"Away","Fulham","Ipswich Town",10
60,6,FALSE,"2026-10-10",NA,NA,2,3,"Home","Sunderland","Brighton & Hove Albion",20
60,6,FALSE,"2026-10-10",NA,NA,2,3,"Away","Brighton & Hove Albion","Sunderland",5
59,6,FALSE,"2026-10-10",NA,NA,3,4,"Home","Manchester United","Tottenham Hotspur",16
59,6,FALSE,"2026-10-10",NA,NA,3,4,"Away","Tottenham Hotspur","Manchester United",19
55,6,FALSE,"2026-10-11",NA,NA,3,3,"Home","Crystal Palace","Nottingham Forest",8
55,6,FALSE,"2026-10-11",NA,NA,3,3,"Away","Nottingham Forest","Crystal Palace",18
56,6,FALSE,"2026-10-11",NA,NA,3,2,"Home","Hull City","Everton",11
56,6,FALSE,"2026-10-11",NA,NA,3,2,"Away","Everton","Hull City",9
58,6,FALSE,"2026-10-11",NA,NA,4,4,"Home","Liverpool","Manchester City",14
58,6,FALSE,"2026-10-11",NA,NA,4,4,"Away","Manchester City","Liverpool",15
54,6,FALSE,"2026-10-12",NA,NA,2,2,"Home","Coventry City","Newcastle United",7
54,6,FALSE,"2026-10-12",NA,NA,2,2,"Away","Newcastle United","Coventry City",17
64,7,FALSE,"2026-10-17",NA,NA,4,3,"Home","Everton","Chelsea",9
64,7,FALSE,"2026-10-17",NA,NA,4,3,"Away","Chelsea","Everton",6
62,7,FALSE,"2026-10-17",NA,NA,4,3,"Home","Brentford","Liverpool",4
62,7,FALSE,"2026-10-17",NA,NA,4,3,"Away","Liverpool","Brentford",14
65,7,FALSE,"2026-10-17",NA,NA,2,3,"Home","Fulham","Hull City",10
65,7,FALSE,"2026-10-17",NA,NA,2,3,"Away","Hull City","Fulham",11
67,7,FALSE,"2026-10-17",NA,NA,2,5,"Home","Manchester City","Ipswich Town",15
67,7,FALSE,"2026-10-17",NA,NA,2,5,"Away","Ipswich Town","Manchester City",12
68,7,FALSE,"2026-10-17",NA,NA,3,3,"Home","Newcastle United","Aston Villa",17
68,7,FALSE,"2026-10-17",NA,NA,3,3,"Away","Aston Villa","Newcastle United",2
61,7,FALSE,"2026-10-18",NA,NA,2,3,"Home","AFC Bournemouth","Sunderland",3
61,7,FALSE,"2026-10-18",NA,NA,2,3,"Away","Sunderland","AFC Bournemouth",20
63,7,FALSE,"2026-10-18",NA,NA,3,3,"Home","Brighton & Hove Albion","Crystal Palace",5
63,7,FALSE,"2026-10-18",NA,NA,3,3,"Away","Crystal Palace","Brighton & Hove Albion",8
66,7,FALSE,"2026-10-18",NA,NA,4,3,"Home","Leeds United","Manchester United",13
66,7,FALSE,"2026-10-18",NA,NA,4,3,"Away","Manchester United","Leeds United",16
69,7,FALSE,"2026-10-18",NA,NA,4,3,"Home","Nottingham Forest","Arsenal",18
69,7,FALSE,"2026-10-18",NA,NA,4,3,"Away","Arsenal","Nottingham Forest",1
70,7,FALSE,"2026-10-19",NA,NA,2,3,"Home","Tottenham Hotspur","Coventry City",19
70,7,FALSE,"2026-10-19",NA,NA,2,3,"Away","Coventry City","Tottenham Hotspur",7
77,8,FALSE,"2026-10-23",NA,NA,3,2,"Home","Ipswich Town","Nottingham Forest",12
77,8,FALSE,"2026-10-23",NA,NA,3,2,"Away","Nottingham Forest","Ipswich Town",18
72,8,FALSE,"2026-10-24",NA,NA,4,4,"Home","Aston Villa","Manchester City",2
72,8,FALSE,"2026-10-24",NA,NA,4,4,"Away","Manchester City","Aston Villa",15
71,8,FALSE,"2026-10-24",NA,NA,3,5,"Home","Arsenal","Everton",1
71,8,FALSE,"2026-10-24",NA,NA,3,5,"Away","Everton","Arsenal",9
74,8,FALSE,"2026-10-24",NA,NA,2,2,"Home","Coventry City","Fulham",7
74,8,FALSE,"2026-10-24",NA,NA,2,2,"Away","Fulham","Coventry City",10
73,8,FALSE,"2026-10-24",NA,NA,3,4,"Home","Chelsea","Tottenham Hotspur",6
73,8,FALSE,"2026-10-24",NA,NA,3,4,"Away","Tottenham Hotspur","Chelsea",19
75,8,FALSE,"2026-10-25",NA,NA,2,3,"Home","Crystal Palace","Newcastle United",8
75,8,FALSE,"2026-10-25",NA,NA,2,3,"Away","Newcastle United","Crystal Palace",17
76,8,FALSE,"2026-10-25",NA,NA,3,2,"Home","Hull City","Brentford",11
76,8,FALSE,"2026-10-25",NA,NA,3,2,"Away","Brentford","Hull City",4
78,8,FALSE,"2026-10-25",NA,NA,2,4,"Home","Liverpool","Brighton & Hove Albion",14
78,8,FALSE,"2026-10-25",NA,NA,2,4,"Away","Brighton & Hove Albion","Liverpool",5
79,8,FALSE,"2026-10-25",NA,NA,3,4,"Home","Manchester United","AFC Bournemouth",16
79,8,FALSE,"2026-10-25",NA,NA,3,4,"Away","AFC Bournemouth","Manchester United",3
80,8,FALSE,"2026-10-25",NA,NA,2,3,"Home","Sunderland","Leeds United",20
80,8,FALSE,"2026-10-25",NA,NA,2,3,"Away","Leeds United","Sunderland",13
84,9,FALSE,"2026-10-31",NA,NA,4,4,"Home","Chelsea","Manchester United",6
84,9,FALSE,"2026-10-31",NA,NA,4,4,"Away","Manchester United","Chelsea",16
82,9,FALSE,"2026-10-31",NA,NA,2,3,"Home","AFC Bournemouth","Leeds United",3
82,9,FALSE,"2026-10-31",NA,NA,2,3,"Away","Leeds United","AFC Bournemouth",13
83,9,FALSE,"2026-10-31",NA,NA,3,3,"Home","Brentford","Nottingham Forest",4
83,9,FALSE,"2026-10-31",NA,NA,3,3,"Away","Nottingham Forest","Brentford",18
85,9,FALSE,"2026-10-31",NA,NA,2,2,"Home","Coventry City","Sunderland",7
85,9,FALSE,"2026-10-31",NA,NA,2,2,"Away","Sunderland","Coventry City",20
86,9,FALSE,"2026-10-31",NA,NA,2,2,"Home","Hull City","Ipswich Town",11
86,9,FALSE,"2026-10-31",NA,NA,2,2,"Away","Ipswich Town","Hull City",12
88,9,FALSE,"2026-10-31",NA,NA,2,5,"Home","Manchester City","Brighton & Hove Albion",15
88,9,FALSE,"2026-10-31",NA,NA,2,5,"Away","Brighton & Hove Albion","Manchester City",5
90,9,FALSE,"2026-10-31",NA,NA,3,3,"Home","Tottenham Hotspur","Crystal Palace",19
90,9,FALSE,"2026-10-31",NA,NA,3,3,"Away","Crystal Palace","Tottenham Hotspur",8
81,9,FALSE,"2026-10-31",NA,NA,2,4,"Home","Aston Villa","Fulham",2
81,9,FALSE,"2026-10-31",NA,NA,2,4,"Away","Fulham","Aston Villa",10
87,9,FALSE,"2026-11-01",NA,NA,4,4,"Home","Liverpool","Arsenal",14
87,9,FALSE,"2026-11-01",NA,NA,4,4,"Away","Arsenal","Liverpool",1
89,9,FALSE,"2026-11-02",NA,NA,3,3,"Home","Newcastle United","Everton",17
89,9,FALSE,"2026-11-02",NA,NA,3,3,"Away","Everton","Newcastle United",9
91,10,FALSE,"2026-11-07",NA,NA,2,5,"Home","Arsenal","Hull City",1
91,10,FALSE,"2026-11-07",NA,NA,2,5,"Away","Hull City","Arsenal",11
92,10,FALSE,"2026-11-07",NA,NA,3,3,"Home","Brighton & Hove Albion","Brentford",5
92,10,FALSE,"2026-11-07",NA,NA,3,3,"Away","Brentford","Brighton & Hove Albion",4
93,10,FALSE,"2026-11-07",NA,NA,4,3,"Home","Crystal Palace","Liverpool",8
93,10,FALSE,"2026-11-07",NA,NA,4,3,"Away","Liverpool","Crystal Palace",14
94,10,FALSE,"2026-11-07",NA,NA,2,3,"Home","Everton","Coventry City",9
94,10,FALSE,"2026-11-07",NA,NA,2,3,"Away","Coventry City","Everton",7
95,10,FALSE,"2026-11-07",NA,NA,2,3,"Home","Fulham","Newcastle United",10
95,10,FALSE,"2026-11-07",NA,NA,2,3,"Away","Newcastle United","Fulham",17
96,10,FALSE,"2026-11-07",NA,NA,3,2,"Home","Ipswich Town","AFC Bournemouth",12
96,10,FALSE,"2026-11-07",NA,NA,3,2,"Away","AFC Bournemouth","Ipswich Town",3
97,10,FALSE,"2026-11-07",NA,NA,3,3,"Home","Leeds United","Tottenham Hotspur",13
97,10,FALSE,"2026-11-07",NA,NA,3,3,"Away","Tottenham Hotspur","Leeds United",19
98,10,FALSE,"2026-11-07",NA,NA,3,4,"Home","Manchester United","Aston Villa",16
98,10,FALSE,"2026-11-07",NA,NA,3,4,"Away","Aston Villa","Manchester United",2
99,10,FALSE,"2026-11-07",NA,NA,4,3,"Home","Nottingham Forest","Manchester City",18
99,10,FALSE,"2026-11-07",NA,NA,4,3,"Away","Manchester City","Nottingham Forest",15
100,10,FALSE,"2026-11-07",NA,NA,4,3,"Home","Sunderland","Chelsea",20
100,10,FALSE,"2026-11-07",NA,NA,4,3,"Away","Chelsea","Sunderland",6
101,11,FALSE,"2026-11-21",NA,NA,2,4,"Home","Aston Villa","Sunderland",2
101,11,FALSE,"2026-11-21",NA,NA,2,4,"Away","Sunderland","Aston Villa",20
102,11,FALSE,"2026-11-21",NA,NA,3,3,"Home","AFC Bournemouth","Nottingham Forest",3
102,11,FALSE,"2026-11-21",NA,NA,3,3,"Away","Nottingham Forest","AFC Bournemouth",18
103,11,FALSE,"2026-11-21",NA,NA,3,3,"Home","Brentford","Everton",4
103,11,FALSE,"2026-11-21",NA,NA,3,3,"Away","Everton","Brentford",9
104,11,FALSE,"2026-11-21",NA,NA,2,4,"Home","Chelsea","Leeds United",6
104,11,FALSE,"2026-11-21",NA,NA,2,4,"Away","Leeds United","Chelsea",13
105,11,FALSE,"2026-11-21",NA,NA,3,2,"Home","Coventry City","Crystal Palace",7
105,11,FALSE,"2026-11-21",NA,NA,3,2,"Away","Crystal Palace","Coventry City",8
106,11,FALSE,"2026-11-21",NA,NA,2,2,"Home","Hull City","Brighton & Hove Albion",11
106,11,FALSE,"2026-11-21",NA,NA,2,2,"Away","Brighton & Hove Albion","Hull City",5
107,11,FALSE,"2026-11-21",NA,NA,4,4,"Home","Liverpool","Manchester United",14
107,11,FALSE,"2026-11-21",NA,NA,4,4,"Away","Manchester United","Liverpool",16
108,11,FALSE,"2026-11-21",NA,NA,2,5,"Home","Manchester City","Fulham",15
108,11,FALSE,"2026-11-21",NA,NA,2,5,"Away","Fulham","Manchester City",10
109,11,FALSE,"2026-11-21",NA,NA,4,3,"Home","Newcastle United","Arsenal",17
109,11,FALSE,"2026-11-21",NA,NA,4,3,"Away","Arsenal","Newcastle United",1
110,11,FALSE,"2026-11-21",NA,NA,2,3,"Home","Tottenham Hotspur","Ipswich Town",19
110,11,FALSE,"2026-11-21",NA,NA,2,3,"Away","Ipswich Town","Tottenham Hotspur",12
111,12,FALSE,"2026-11-28",NA,NA,4,5,"Home","Arsenal","Manchester City",1
111,12,FALSE,"2026-11-28",NA,NA,4,5,"Away","Manchester City","Arsenal",15
112,12,FALSE,"2026-11-28",NA,NA,2,3,"Home","Brighton & Hove Albion","Newcastle United",5
112,12,FALSE,"2026-11-28",NA,NA,2,3,"Away","Newcastle United","Brighton & Hove Albion",17
113,12,FALSE,"2026-11-28",NA,NA,2,3,"Home","Crystal Palace","Hull City",8
113,12,FALSE,"2026-11-28",NA,NA,2,3,"Away","Hull City","Crystal Palace",11
114,12,FALSE,"2026-11-28",NA,NA,4,3,"Home","Everton","Liverpool",9
114,12,FALSE,"2026-11-28",NA,NA,4,3,"Away","Liverpool","Everton",14
115,12,FALSE,"2026-11-28",NA,NA,3,3,"Home","Fulham","AFC Bournemouth",10
115,12,FALSE,"2026-11-28",NA,NA,3,3,"Away","AFC Bournemouth","Fulham",3
116,12,FALSE,"2026-11-28",NA,NA,3,2,"Home","Ipswich Town","Aston Villa",12
116,12,FALSE,"2026-11-28",NA,NA,3,2,"Away","Aston Villa","Ipswich Town",2
117,12,FALSE,"2026-11-28",NA,NA,2,3,"Home","Leeds United","Coventry City",13
117,12,FALSE,"2026-11-28",NA,NA,2,3,"Away","Coventry City","Leeds United",7
118,12,FALSE,"2026-11-28",NA,NA,3,4,"Home","Manchester United","Brentford",16
118,12,FALSE,"2026-11-28",NA,NA,3,4,"Away","Brentford","Manchester United",4
119,12,FALSE,"2026-11-28",NA,NA,4,3,"Home","Nottingham Forest","Chelsea",18
119,12,FALSE,"2026-11-28",NA,NA,4,3,"Away","Chelsea","Nottingham Forest",6
120,12,FALSE,"2026-11-28",NA,NA,3,3,"Home","Sunderland","Tottenham Hotspur",20
120,12,FALSE,"2026-11-28",NA,NA,3,3,"Away","Tottenham Hotspur","Sunderland",19
121,13,FALSE,"2026-12-02",NA,NA,3,4,"Home","Aston Villa","Everton",2
121,13,FALSE,"2026-12-02",NA,NA,3,4,"Away","Everton","Aston Villa",9
122,13,FALSE,"2026-12-02",NA,NA,2,3,"Home","AFC Bournemouth","Brighton & Hove Albion",3
122,13,FALSE,"2026-12-02",NA,NA,2,3,"Away","Brighton & Hove Albion","AFC Bournemouth",5
123,13,FALSE,"2026-12-02",NA,NA,4,3,"Home","Brentford","Arsenal",4
123,13,FALSE,"2026-12-02",NA,NA,4,3,"Away","Arsenal","Brentford",1
124,13,FALSE,"2026-12-02",NA,NA,3,4,"Home","Chelsea","Crystal Palace",6
124,13,FALSE,"2026-12-02",NA,NA,3,4,"Away","Crystal Palace","Chelsea",8
125,13,FALSE,"2026-12-02",NA,NA,2,2,"Home","Coventry City","Ipswich Town",7
125,13,FALSE,"2026-12-02",NA,NA,2,2,"Away","Ipswich Town","Coventry City",12
126,13,FALSE,"2026-12-02",NA,NA,3,2,"Home","Hull City","Nottingham Forest",11
126,13,FALSE,"2026-12-02",NA,NA,3,2,"Away","Nottingham Forest","Hull City",18
127,13,FALSE,"2026-12-02",NA,NA,2,4,"Home","Liverpool","Sunderland",14
127,13,FALSE,"2026-12-02",NA,NA,2,4,"Away","Sunderland","Liverpool",20
128,13,FALSE,"2026-12-02",NA,NA,2,5,"Home","Manchester City","Leeds United",15
128,13,FALSE,"2026-12-02",NA,NA,2,5,"Away","Leeds United","Manchester City",13
129,13,FALSE,"2026-12-02",NA,NA,4,3,"Home","Newcastle United","Manchester United",17
129,13,FALSE,"2026-12-02",NA,NA,4,3,"Away","Manchester United","Newcastle United",16
130,13,FALSE,"2026-12-02",NA,NA,2,3,"Home","Tottenham Hotspur","Fulham",19
130,13,FALSE,"2026-12-02",NA,NA,2,3,"Away","Fulham","Tottenham Hotspur",10
131,14,FALSE,"2026-12-05",NA,NA,3,4,"Home","Aston Villa","Crystal Palace",2
131,14,FALSE,"2026-12-05",NA,NA,3,4,"Away","Crystal Palace","Aston Villa",8
132,14,FALSE,"2026-12-05",NA,NA,2,3,"Home","AFC Bournemouth","Hull City",3
132,14,FALSE,"2026-12-05",NA,NA,2,3,"Away","Hull City","AFC Bournemouth",11
133,14,FALSE,"2026-12-05",NA,NA,4,3,"Home","Brentford","Manchester City",4
133,14,FALSE,"2026-12-05",NA,NA,4,3,"Away","Manchester City","Brentford",15
134,14,FALSE,"2026-12-05",NA,NA,4,4,"Home","Chelsea","Liverpool",6
134,14,FALSE,"2026-12-05",NA,NA,4,4,"Away","Liverpool","Chelsea",14
135,14,FALSE,"2026-12-05",NA,NA,2,3,"Home","Everton","Fulham",9
135,14,FALSE,"2026-12-05",NA,NA,2,3,"Away","Fulham","Everton",10
136,14,FALSE,"2026-12-05",NA,NA,2,3,"Home","Leeds United","Ipswich Town",13
136,14,FALSE,"2026-12-05",NA,NA,2,3,"Away","Ipswich Town","Leeds United",12
137,14,FALSE,"2026-12-05",NA,NA,2,4,"Home","Manchester United","Coventry City",16
137,14,FALSE,"2026-12-05",NA,NA,2,4,"Away","Coventry City","Manchester United",7
138,14,FALSE,"2026-12-05",NA,NA,2,3,"Home","Newcastle United","Sunderland",17
138,14,FALSE,"2026-12-05",NA,NA,2,3,"Away","Sunderland","Newcastle United",20
139,14,FALSE,"2026-12-05",NA,NA,2,3,"Home","Nottingham Forest","Brighton & Hove Albion",18
139,14,FALSE,"2026-12-05",NA,NA,2,3,"Away","Brighton & Hove Albion","Nottingham Forest",5
140,14,FALSE,"2026-12-05",NA,NA,4,3,"Home","Tottenham Hotspur","Arsenal",19
140,14,FALSE,"2026-12-05",NA,NA,4,3,"Away","Arsenal","Tottenham Hotspur",1
141,15,FALSE,"2026-12-12",NA,NA,3,5,"Home","Arsenal","AFC Bournemouth",1
141,15,FALSE,"2026-12-12",NA,NA,3,5,"Away","AFC Bournemouth","Arsenal",3
142,15,FALSE,"2026-12-12",NA,NA,3,3,"Home","Brighton & Hove Albion","Everton",5
142,15,FALSE,"2026-12-12",NA,NA,3,3,"Away","Everton","Brighton & Hove Albion",9
143,15,FALSE,"2026-12-12",NA,NA,3,2,"Home","Coventry City","Aston Villa",7
143,15,FALSE,"2026-12-12",NA,NA,3,2,"Away","Aston Villa","Coventry City",2
144,15,FALSE,"2026-12-12",NA,NA,4,3,"Home","Crystal Palace","Manchester United",8
144,15,FALSE,"2026-12-12",NA,NA,4,3,"Away","Manchester United","Crystal Palace",16
145,15,FALSE,"2026-12-12",NA,NA,3,3,"Home","Fulham","Brentford",10
145,15,FALSE,"2026-12-12",NA,NA,3,3,"Away","Brentford","Fulham",4
146,15,FALSE,"2026-12-12",NA,NA,3,2,"Home","Hull City","Tottenham Hotspur",11
146,15,FALSE,"2026-12-12",NA,NA,3,2,"Away","Tottenham Hotspur","Hull City",19
147,15,FALSE,"2026-12-12",NA,NA,2,2,"Home","Ipswich Town","Newcastle United",12
147,15,FALSE,"2026-12-12",NA,NA,2,2,"Away","Newcastle United","Ipswich Town",17
148,15,FALSE,"2026-12-12",NA,NA,2,4,"Home","Liverpool","Leeds United",14
148,15,FALSE,"2026-12-12",NA,NA,2,4,"Away","Leeds United","Liverpool",13
149,15,FALSE,"2026-12-12",NA,NA,4,5,"Home","Manchester City","Chelsea",15
149,15,FALSE,"2026-12-12",NA,NA,4,5,"Away","Chelsea","Manchester City",6
150,15,FALSE,"2026-12-12",NA,NA,3,3,"Home","Sunderland","Nottingham Forest",20
150,15,FALSE,"2026-12-12",NA,NA,3,3,"Away","Nottingham Forest","Sunderland",18
151,16,FALSE,"2026-12-19",NA,NA,4,5,"Home","Arsenal","Manchester United",1
151,16,FALSE,"2026-12-19",NA,NA,4,5,"Away","Manchester United","Arsenal",16
152,16,FALSE,"2026-12-19",NA,NA,2,3,"Home","AFC Bournemouth","Coventry City",3
152,16,FALSE,"2026-12-19",NA,NA,2,3,"Away","Coventry City","AFC Bournemouth",7
153,16,FALSE,"2026-12-19",NA,NA,2,3,"Home","Brentford","Newcastle United",4
153,16,FALSE,"2026-12-19",NA,NA,2,3,"Away","Newcastle United","Brentford",17
154,16,FALSE,"2026-12-19",NA,NA,2,3,"Home","Brighton & Hove Albion","Ipswich Town",5
154,16,FALSE,"2026-12-19",NA,NA,2,3,"Away","Ipswich Town","Brighton & Hove Albion",12
155,16,FALSE,"2026-12-19",NA,NA,3,4,"Home","Chelsea","Aston Villa",6
155,16,FALSE,"2026-12-19",NA,NA,3,4,"Away","Aston Villa","Chelsea",2
156,16,FALSE,"2026-12-19",NA,NA,2,3,"Home","Leeds United","Fulham",13
156,16,FALSE,"2026-12-19",NA,NA,2,3,"Away","Fulham","Leeds United",10
157,16,FALSE,"2026-12-19",NA,NA,3,4,"Home","Liverpool","Tottenham Hotspur",14
157,16,FALSE,"2026-12-19",NA,NA,3,4,"Away","Tottenham Hotspur","Liverpool",19
158,16,FALSE,"2026-12-19",NA,NA,2,5,"Home","Manchester City","Hull City",15
158,16,FALSE,"2026-12-19",NA,NA,2,5,"Away","Hull City","Manchester City",11
159,16,FALSE,"2026-12-19",NA,NA,3,3,"Home","Nottingham Forest","Everton",18
159,16,FALSE,"2026-12-19",NA,NA,3,3,"Away","Everton","Nottingham Forest",9
160,16,FALSE,"2026-12-19",NA,NA,3,3,"Home","Sunderland","Crystal Palace",20
160,16,FALSE,"2026-12-19",NA,NA,3,3,"Away","Crystal Palace","Sunderland",8
161,17,FALSE,"2026-12-26",NA,NA,2,4,"Home","Aston Villa","Leeds United",2
161,17,FALSE,"2026-12-26",NA,NA,2,4,"Away","Leeds United","Aston Villa",13
162,17,FALSE,"2026-12-26",NA,NA,4,2,"Home","Coventry City","Chelsea",7
162,17,FALSE,"2026-12-26",NA,NA,4,2,"Away","Chelsea","Coventry City",6
163,17,FALSE,"2026-12-26",NA,NA,4,3,"Home","Crystal Palace","Arsenal",8
163,17,FALSE,"2026-12-26",NA,NA,4,3,"Away","Arsenal","Crystal Palace",1
164,17,FALSE,"2026-12-26",NA,NA,2,3,"Home","Everton","Sunderland",9
164,17,FALSE,"2026-12-26",NA,NA,2,3,"Away","Sunderland","Everton",20
165,17,FALSE,"2026-12-26",NA,NA,2,3,"Home","Fulham","Brighton & Hove Albion",10
165,17,FALSE,"2026-12-26",NA,NA,2,3,"Away","Brighton & Hove Albion","Fulham",5
166,17,FALSE,"2026-12-26",NA,NA,4,2,"Home","Hull City","Liverpool",11
166,17,FALSE,"2026-12-26",NA,NA,4,2,"Away","Liverpool","Hull City",14
167,17,FALSE,"2026-12-26",NA,NA,3,2,"Home","Ipswich Town","Brentford",12
167,17,FALSE,"2026-12-26",NA,NA,3,2,"Away","Brentford","Ipswich Town",4
168,17,FALSE,"2026-12-26",NA,NA,3,4,"Home","Manchester United","Nottingham Forest",16
168,17,FALSE,"2026-12-26",NA,NA,3,4,"Away","Nottingham Forest","Manchester United",18
169,17,FALSE,"2026-12-26",NA,NA,4,3,"Home","Newcastle United","Manchester City",17
169,17,FALSE,"2026-12-26",NA,NA,4,3,"Away","Manchester City","Newcastle United",15
170,17,FALSE,"2026-12-26",NA,NA,3,3,"Home","Tottenham Hotspur","AFC Bournemouth",19
170,17,FALSE,"2026-12-26",NA,NA,3,3,"Away","AFC Bournemouth","Tottenham Hotspur",3
171,18,FALSE,"2026-12-30",NA,NA,4,4,"Home","Aston Villa","Liverpool",2
171,18,FALSE,"2026-12-30",NA,NA,4,4,"Away","Liverpool","Aston Villa",14
172,18,FALSE,"2026-12-30",NA,NA,3,2,"Home","Coventry City","Brentford",7
172,18,FALSE,"2026-12-30",NA,NA,3,2,"Away","Brentford","Coventry City",4
173,18,FALSE,"2026-12-30",NA,NA,3,3,"Home","Crystal Palace","AFC Bournemouth",8
173,18,FALSE,"2026-12-30",NA,NA,3,3,"Away","AFC Bournemouth","Crystal Palace",3
174,18,FALSE,"2026-12-30",NA,NA,4,3,"Home","Everton","Manchester City",9
174,18,FALSE,"2026-12-30",NA,NA,4,3,"Away","Manchester City","Everton",15
175,18,FALSE,"2026-12-30",NA,NA,4,3,"Home","Fulham","Arsenal",10
175,18,FALSE,"2026-12-30",NA,NA,4,3,"Away","Arsenal","Fulham",1
176,18,FALSE,"2026-12-30",NA,NA,2,2,"Home","Hull City","Leeds United",11
176,18,FALSE,"2026-12-30",NA,NA,2,2,"Away","Leeds United","Hull City",13
177,18,FALSE,"2026-12-30",NA,NA,4,2,"Home","Ipswich Town","Chelsea",12
177,18,FALSE,"2026-12-30",NA,NA,4,2,"Away","Chelsea","Ipswich Town",6
178,18,FALSE,"2026-12-30",NA,NA,2,4,"Home","Manchester United","Sunderland",16
178,18,FALSE,"2026-12-30",NA,NA,2,4,"Away","Sunderland","Manchester United",20
179,18,FALSE,"2026-12-30",NA,NA,3,3,"Home","Newcastle United","Nottingham Forest",17
179,18,FALSE,"2026-12-30",NA,NA,3,3,"Away","Nottingham Forest","Newcastle United",18
180,18,FALSE,"2026-12-30",NA,NA,2,3,"Home","Tottenham Hotspur","Brighton & Hove Albion",19
180,18,FALSE,"2026-12-30",NA,NA,2,3,"Away","Brighton & Hove Albion","Tottenham Hotspur",5
181,19,FALSE,"2027-01-02",NA,NA,2,5,"Home","Arsenal","Ipswich Town",1
181,19,FALSE,"2027-01-02",NA,NA,2,5,"Away","Ipswich Town","Arsenal",12
182,19,FALSE,"2027-01-02",NA,NA,3,3,"Home","AFC Bournemouth","Aston Villa",3
182,19,FALSE,"2027-01-02",NA,NA,3,3,"Away","Aston Villa","AFC Bournemouth",2
183,19,FALSE,"2027-01-02",NA,NA,3,3,"Home","Brentford","Crystal Palace",4
183,19,FALSE,"2027-01-02",NA,NA,3,3,"Away","Crystal Palace","Brentford",8
184,19,FALSE,"2027-01-02",NA,NA,4,3,"Home","Brighton & Hove Albion","Manchester United",5
184,19,FALSE,"2027-01-02",NA,NA,4,3,"Away","Manchester United","Brighton & Hove Albion",16
185,19,FALSE,"2027-01-02",NA,NA,2,4,"Home","Chelsea","Newcastle United",6
185,19,FALSE,"2027-01-02",NA,NA,2,4,"Away","Newcastle United","Chelsea",17
186,19,FALSE,"2027-01-02",NA,NA,3,3,"Home","Leeds United","Everton",13
186,19,FALSE,"2027-01-02",NA,NA,3,3,"Away","Everton","Leeds United",9
187,19,FALSE,"2027-01-02",NA,NA,2,4,"Home","Liverpool","Coventry City",14
187,19,FALSE,"2027-01-02",NA,NA,2,4,"Away","Coventry City","Liverpool",7
188,19,FALSE,"2027-01-02",NA,NA,3,5,"Home","Manchester City","Tottenham Hotspur",15
188,19,FALSE,"2027-01-02",NA,NA,3,5,"Away","Tottenham Hotspur","Manchester City",19
189,19,FALSE,"2027-01-02",NA,NA,2,3,"Home","Nottingham Forest","Fulham",18
189,19,FALSE,"2027-01-02",NA,NA,2,3,"Away","Fulham","Nottingham Forest",10
190,19,FALSE,"2027-01-02",NA,NA,2,3,"Home","Sunderland","Hull City",20
190,19,FALSE,"2027-01-02",NA,NA,2,3,"Away","Hull City","Sunderland",11
191,20,FALSE,"2027-01-06",NA,NA,3,5,"Home","Arsenal","Brentford",1
191,20,FALSE,"2027-01-06",NA,NA,3,5,"Away","Brentford","Arsenal",4
192,20,FALSE,"2027-01-06",NA,NA,3,3,"Home","Brighton & Hove Albion","AFC Bournemouth",5
192,20,FALSE,"2027-01-06",NA,NA,3,3,"Away","AFC Bournemouth","Brighton & Hove Albion",3
193,20,FALSE,"2027-01-06",NA,NA,4,3,"Home","Crystal Palace","Chelsea",8
193,20,FALSE,"2027-01-06",NA,NA,4,3,"Away","Chelsea","Crystal Palace",6
194,20,FALSE,"2027-01-06",NA,NA,3,3,"Home","Everton","Aston Villa",9
194,20,FALSE,"2027-01-06",NA,NA,3,3,"Away","Aston Villa","Everton",2
195,20,FALSE,"2027-01-06",NA,NA,3,3,"Home","Fulham","Tottenham Hotspur",10
195,20,FALSE,"2027-01-06",NA,NA,3,3,"Away","Tottenham Hotspur","Fulham",19
196,20,FALSE,"2027-01-06",NA,NA,2,2,"Home","Ipswich Town","Coventry City",12
196,20,FALSE,"2027-01-06",NA,NA,2,2,"Away","Coventry City","Ipswich Town",7
197,20,FALSE,"2027-01-06",NA,NA,4,3,"Home","Leeds United","Manchester City",13
197,20,FALSE,"2027-01-06",NA,NA,4,3,"Away","Manchester City","Leeds United",15
198,20,FALSE,"2027-01-06",NA,NA,2,4,"Home","Manchester United","Newcastle United",16
198,20,FALSE,"2027-01-06",NA,NA,2,4,"Away","Newcastle United","Manchester United",17
199,20,FALSE,"2027-01-06",NA,NA,2,3,"Home","Nottingham Forest","Hull City",18
199,20,FALSE,"2027-01-06",NA,NA,2,3,"Away","Hull City","Nottingham Forest",11
200,20,FALSE,"2027-01-06",NA,NA,4,3,"Home","Sunderland","Liverpool",20
200,20,FALSE,"2027-01-06",NA,NA,4,3,"Away","Liverpool","Sunderland",14
201,21,FALSE,"2027-01-16",NA,NA,4,4,"Home","Aston Villa","Manchester United",2
201,21,FALSE,"2027-01-16",NA,NA,4,4,"Away","Manchester United","Aston Villa",16
202,21,FALSE,"2027-01-16",NA,NA,2,3,"Home","AFC Bournemouth","Ipswich Town",3
202,21,FALSE,"2027-01-16",NA,NA,2,3,"Away","Ipswich Town","AFC Bournemouth",12
203,21,FALSE,"2027-01-16",NA,NA,2,3,"Home","Brentford","Brighton & Hove Albion",4
203,21,FALSE,"2027-01-16",NA,NA,2,3,"Away","Brighton & Hove Albion","Brentford",5
204,21,FALSE,"2027-01-16",NA,NA,2,4,"Home","Chelsea","Sunderland",6
204,21,FALSE,"2027-01-16",NA,NA,2,4,"Away","Sunderland","Chelsea",20
205,21,FALSE,"2027-01-16",NA,NA,3,2,"Home","Coventry City","Everton",7
205,21,FALSE,"2027-01-16",NA,NA,3,2,"Away","Everton","Coventry City",9
206,21,FALSE,"2027-01-16",NA,NA,4,2,"Home","Hull City","Arsenal",11
206,21,FALSE,"2027-01-16",NA,NA,4,2,"Away","Arsenal","Hull City",1
207,21,FALSE,"2027-01-16",NA,NA,3,4,"Home","Liverpool","Crystal Palace",14
207,21,FALSE,"2027-01-16",NA,NA,3,4,"Away","Crystal Palace","Liverpool",8
208,21,FALSE,"2027-01-16",NA,NA,3,5,"Home","Manchester City","Nottingham Forest",15
208,21,FALSE,"2027-01-16",NA,NA,3,5,"Away","Nottingham Forest","Manchester City",18
209,21,FALSE,"2027-01-16",NA,NA,2,3,"Home","Newcastle United","Fulham",17
209,21,FALSE,"2027-01-16",NA,NA,2,3,"Away","Fulham","Newcastle United",10
210,21,FALSE,"2027-01-16",NA,NA,2,3,"Home","Tottenham Hotspur","Leeds United",19
210,21,FALSE,"2027-01-16",NA,NA,2,3,"Away","Leeds United","Tottenham Hotspur",13
211,22,FALSE,"2027-01-23",NA,NA,2,5,"Home","Arsenal","Newcastle United",1
211,22,FALSE,"2027-01-23",NA,NA,2,5,"Away","Newcastle United","Arsenal",17
212,22,FALSE,"2027-01-23",NA,NA,4,3,"Home","Brighton & Hove Albion","Manchester City",5
212,22,FALSE,"2027-01-23",NA,NA,4,3,"Away","Manchester City","Brighton & Hove Albion",15
213,22,FALSE,"2027-01-23",NA,NA,3,3,"Home","Crystal Palace","Tottenham Hotspur",8
213,22,FALSE,"2027-01-23",NA,NA,3,3,"Away","Tottenham Hotspur","Crystal Palace",19
214,22,FALSE,"2027-01-23",NA,NA,3,3,"Home","Everton","Brentford",9
214,22,FALSE,"2027-01-23",NA,NA,3,3,"Away","Brentford","Everton",4
215,22,FALSE,"2027-01-23",NA,NA,3,3,"Home","Fulham","Aston Villa",10
215,22,FALSE,"2027-01-23",NA,NA,3,3,"Away","Aston Villa","Fulham",2
216,22,FALSE,"2027-01-23",NA,NA,2,2,"Home","Ipswich Town","Hull City",12
216,22,FALSE,"2027-01-23",NA,NA,2,2,"Away","Hull City","Ipswich Town",11
217,22,FALSE,"2027-01-23",NA,NA,4,3,"Home","Leeds United","Chelsea",13
217,22,FALSE,"2027-01-23",NA,NA,4,3,"Away","Chelsea","Leeds United",6
218,22,FALSE,"2027-01-23",NA,NA,4,4,"Home","Manchester United","Liverpool",16
218,22,FALSE,"2027-01-23",NA,NA,4,4,"Away","Liverpool","Manchester United",14
219,22,FALSE,"2027-01-23",NA,NA,3,3,"Home","Nottingham Forest","AFC Bournemouth",18
219,22,FALSE,"2027-01-23",NA,NA,3,3,"Away","AFC Bournemouth","Nottingham Forest",3
220,22,FALSE,"2027-01-23",NA,NA,2,3,"Home","Sunderland","Coventry City",20
220,22,FALSE,"2027-01-23",NA,NA,2,3,"Away","Coventry City","Sunderland",7
221,23,FALSE,"2027-01-30",NA,NA,2,4,"Home","Aston Villa","Ipswich Town",2
221,23,FALSE,"2027-01-30",NA,NA,2,4,"Away","Ipswich Town","Aston Villa",12
222,23,FALSE,"2027-01-30",NA,NA,2,3,"Home","AFC Bournemouth","Fulham",3
222,23,FALSE,"2027-01-30",NA,NA,2,3,"Away","Fulham","AFC Bournemouth",10
223,23,FALSE,"2027-01-30",NA,NA,4,3,"Home","Brentford","Manchester United",4
223,23,FALSE,"2027-01-30",NA,NA,4,3,"Away","Manchester United","Brentford",16
224,23,FALSE,"2027-01-30",NA,NA,3,4,"Home","Chelsea","Nottingham Forest",6
224,23,FALSE,"2027-01-30",NA,NA,3,4,"Away","Nottingham Forest","Chelsea",18
225,23,FALSE,"2027-01-30",NA,NA,2,2,"Home","Coventry City","Leeds United",7
225,23,FALSE,"2027-01-30",NA,NA,2,2,"Away","Leeds United","Coventry City",13
226,23,FALSE,"2027-01-30",NA,NA,3,2,"Home","Hull City","Crystal Palace",11
226,23,FALSE,"2027-01-30",NA,NA,3,2,"Away","Crystal Palace","Hull City",8
227,23,FALSE,"2027-01-30",NA,NA,3,4,"Home","Liverpool","Everton",14
227,23,FALSE,"2027-01-30",NA,NA,3,4,"Away","Everton","Liverpool",9
228,23,FALSE,"2027-01-30",NA,NA,4,5,"Home","Manchester City","Arsenal",15
228,23,FALSE,"2027-01-30",NA,NA,4,5,"Away","Arsenal","Manchester City",1
229,23,FALSE,"2027-01-30",NA,NA,2,3,"Home","Newcastle United","Brighton & Hove Albion",17
229,23,FALSE,"2027-01-30",NA,NA,2,3,"Away","Brighton & Hove Albion","Newcastle United",5
230,23,FALSE,"2027-01-30",NA,NA,2,3,"Home","Tottenham Hotspur","Sunderland",19
230,23,FALSE,"2027-01-30",NA,NA,2,3,"Away","Sunderland","Tottenham Hotspur",20
231,24,FALSE,"2027-02-06",NA,NA,4,5,"Home","Arsenal","Liverpool",1
231,24,FALSE,"2027-02-06",NA,NA,4,5,"Away","Liverpool","Arsenal",14
232,24,FALSE,"2027-02-06",NA,NA,2,3,"Home","Brighton & Hove Albion","Hull City",5
232,24,FALSE,"2027-02-06",NA,NA,2,3,"Away","Hull City","Brighton & Hove Albion",11
233,24,FALSE,"2027-02-06",NA,NA,2,3,"Home","Crystal Palace","Coventry City",8
233,24,FALSE,"2027-02-06",NA,NA,2,3,"Away","Coventry City","Crystal Palace",7
234,24,FALSE,"2027-02-06",NA,NA,2,3,"Home","Everton","Newcastle United",9
234,24,FALSE,"2027-02-06",NA,NA,2,3,"Away","Newcastle United","Everton",17
235,24,FALSE,"2027-02-06",NA,NA,4,3,"Home","Fulham","Manchester City",10
235,24,FALSE,"2027-02-06",NA,NA,4,3,"Away","Manchester City","Fulham",15
236,24,FALSE,"2027-02-06",NA,NA,3,2,"Home","Ipswich Town","Tottenham Hotspur",12
236,24,FALSE,"2027-02-06",NA,NA,3,2,"Away","Tottenham Hotspur","Ipswich Town",19
237,24,FALSE,"2027-02-06",NA,NA,3,3,"Home","Leeds United","AFC Bournemouth",13
237,24,FALSE,"2027-02-06",NA,NA,3,3,"Away","AFC Bournemouth","Leeds United",3
238,24,FALSE,"2027-02-06",NA,NA,4,4,"Home","Manchester United","Chelsea",16
238,24,FALSE,"2027-02-06",NA,NA,4,4,"Away","Chelsea","Manchester United",6
239,24,FALSE,"2027-02-06",NA,NA,3,3,"Home","Nottingham Forest","Brentford",18
239,24,FALSE,"2027-02-06",NA,NA,3,3,"Away","Brentford","Nottingham Forest",4
240,24,FALSE,"2027-02-06",NA,NA,3,3,"Home","Sunderland","Aston Villa",20
240,24,FALSE,"2027-02-06",NA,NA,3,3,"Away","Aston Villa","Sunderland",2
241,25,FALSE,"2027-02-10",NA,NA,3,4,"Home","Aston Villa","AFC Bournemouth",2
241,25,FALSE,"2027-02-10",NA,NA,3,4,"Away","AFC Bournemouth","Aston Villa",3
242,25,FALSE,"2027-02-10",NA,NA,4,2,"Home","Coventry City","Liverpool",7
242,25,FALSE,"2027-02-10",NA,NA,4,2,"Away","Liverpool","Coventry City",14
243,25,FALSE,"2027-02-10",NA,NA,3,3,"Home","Crystal Palace","Brentford",8
243,25,FALSE,"2027-02-10",NA,NA,3,3,"Away","Brentford","Crystal Palace",4
244,25,FALSE,"2027-02-10",NA,NA,2,3,"Home","Everton","Leeds United",9
244,25,FALSE,"2027-02-10",NA,NA,2,3,"Away","Leeds United","Everton",13
245,25,FALSE,"2027-02-10",NA,NA,3,3,"Home","Fulham","Nottingham Forest",10
245,25,FALSE,"2027-02-10",NA,NA,3,3,"Away","Nottingham Forest","Fulham",18
246,25,FALSE,"2027-02-10",NA,NA,2,2,"Home","Hull City","Sunderland",11
246,25,FALSE,"2027-02-10",NA,NA,2,2,"Away","Sunderland","Hull City",20
247,25,FALSE,"2027-02-10",NA,NA,4,2,"Home","Ipswich Town","Arsenal",12
247,25,FALSE,"2027-02-10",NA,NA,4,2,"Away","Arsenal","Ipswich Town",1
248,25,FALSE,"2027-02-10",NA,NA,2,4,"Home","Manchester United","Brighton & Hove Albion",16
248,25,FALSE,"2027-02-10",NA,NA,2,4,"Away","Brighton & Hove Albion","Manchester United",5
249,25,FALSE,"2027-02-10",NA,NA,4,3,"Home","Newcastle United","Chelsea",17
249,25,FALSE,"2027-02-10",NA,NA,4,3,"Away","Chelsea","Newcastle United",6
250,25,FALSE,"2027-02-10",NA,NA,4,3,"Home","Tottenham Hotspur","Manchester City",19
250,25,FALSE,"2027-02-10",NA,NA,4,3,"Away","Manchester City","Tottenham Hotspur",15
251,26,FALSE,"2027-02-20",NA,NA,2,5,"Home","Arsenal","Fulham",1
251,26,FALSE,"2027-02-20",NA,NA,2,5,"Away","Fulham","Arsenal",10
252,26,FALSE,"2027-02-20",NA,NA,3,3,"Home","AFC Bournemouth","Crystal Palace",3
252,26,FALSE,"2027-02-20",NA,NA,3,3,"Away","Crystal Palace","AFC Bournemouth",8
253,26,FALSE,"2027-02-20",NA,NA,2,3,"Home","Brentford","Coventry City",4
253,26,FALSE,"2027-02-20",NA,NA,2,3,"Away","Coventry City","Brentford",7
254,26,FALSE,"2027-02-20",NA,NA,3,3,"Home","Brighton & Hove Albion","Tottenham Hotspur",5
254,26,FALSE,"2027-02-20",NA,NA,3,3,"Away","Tottenham Hotspur","Brighton & Hove Albion",19
255,26,FALSE,"2027-02-20",NA,NA,2,4,"Home","Chelsea","Ipswich Town",6
255,26,FALSE,"2027-02-20",NA,NA,2,4,"Away","Ipswich Town","Chelsea",12
256,26,FALSE,"2027-02-20",NA,NA,3,3,"Home","Leeds United","Aston Villa",13
256,26,FALSE,"2027-02-20",NA,NA,3,3,"Away","Aston Villa","Leeds United",2
257,26,FALSE,"2027-02-20",NA,NA,2,4,"Home","Liverpool","Hull City",14
257,26,FALSE,"2027-02-20",NA,NA,2,4,"Away","Hull City","Liverpool",11
258,26,FALSE,"2027-02-20",NA,NA,2,5,"Home","Manchester City","Newcastle United",15
258,26,FALSE,"2027-02-20",NA,NA,2,5,"Away","Newcastle United","Manchester City",17
259,26,FALSE,"2027-02-20",NA,NA,4,3,"Home","Nottingham Forest","Manchester United",18
259,26,FALSE,"2027-02-20",NA,NA,4,3,"Away","Manchester United","Nottingham Forest",16
260,26,FALSE,"2027-02-20",NA,NA,3,3,"Home","Sunderland","Everton",20
260,26,FALSE,"2027-02-20",NA,NA,3,3,"Away","Everton","Sunderland",9
261,27,FALSE,"2027-02-27",NA,NA,4,4,"Home","Aston Villa","Chelsea",2
261,27,FALSE,"2027-02-27",NA,NA,4,4,"Away","Chelsea","Aston Villa",6
262,27,FALSE,"2027-02-27",NA,NA,3,2,"Home","Coventry City","AFC Bournemouth",7
262,27,FALSE,"2027-02-27",NA,NA,3,2,"Away","AFC Bournemouth","Coventry City",3
263,27,FALSE,"2027-02-27",NA,NA,2,3,"Home","Crystal Palace","Sunderland",8
263,27,FALSE,"2027-02-27",NA,NA,2,3,"Away","Sunderland","Crystal Palace",20
264,27,FALSE,"2027-02-27",NA,NA,3,3,"Home","Everton","Nottingham Forest",9
264,27,FALSE,"2027-02-27",NA,NA,3,3,"Away","Nottingham Forest","Everton",18
265,27,FALSE,"2027-02-27",NA,NA,2,3,"Home","Fulham","Leeds United",10
265,27,FALSE,"2027-02-27",NA,NA,2,3,"Away","Leeds United","Fulham",13
266,27,FALSE,"2027-02-27",NA,NA,4,2,"Home","Hull City","Manchester City",11
266,27,FALSE,"2027-02-27",NA,NA,4,2,"Away","Manchester City","Hull City",15
267,27,FALSE,"2027-02-27",NA,NA,2,2,"Home","Ipswich Town","Brighton & Hove Albion",12
267,27,FALSE,"2027-02-27",NA,NA,2,2,"Away","Brighton & Hove Albion","Ipswich Town",5
268,27,FALSE,"2027-02-27",NA,NA,4,4,"Home","Manchester United","Arsenal",16
268,27,FALSE,"2027-02-27",NA,NA,4,4,"Away","Arsenal","Manchester United",1
269,27,FALSE,"2027-02-27",NA,NA,3,3,"Home","Newcastle United","Brentford",17
269,27,FALSE,"2027-02-27",NA,NA,3,3,"Away","Brentford","Newcastle United",4
270,27,FALSE,"2027-02-27",NA,NA,4,3,"Home","Tottenham Hotspur","Liverpool",19
270,27,FALSE,"2027-02-27",NA,NA,4,3,"Away","Liverpool","Tottenham Hotspur",14
271,28,FALSE,"2027-03-03",NA,NA,3,5,"Home","Arsenal","Crystal Palace",1
271,28,FALSE,"2027-03-03",NA,NA,3,5,"Away","Crystal Palace","Arsenal",8
272,28,FALSE,"2027-03-03",NA,NA,3,3,"Home","AFC Bournemouth","Tottenham Hotspur",3
272,28,FALSE,"2027-03-03",NA,NA,3,3,"Away","Tottenham Hotspur","AFC Bournemouth",19
273,28,FALSE,"2027-03-03",NA,NA,2,3,"Home","Brentford","Ipswich Town",4
273,28,FALSE,"2027-03-03",NA,NA,2,3,"Away","Ipswich Town","Brentford",12
274,28,FALSE,"2027-03-03",NA,NA,2,3,"Home","Brighton & Hove Albion","Fulham",5
274,28,FALSE,"2027-03-03",NA,NA,2,3,"Away","Fulham","Brighton & Hove Albion",10
275,28,FALSE,"2027-03-03",NA,NA,2,4,"Home","Chelsea","Coventry City",6
275,28,FALSE,"2027-03-03",NA,NA,2,4,"Away","Coventry City","Chelsea",7
276,28,FALSE,"2027-03-03",NA,NA,2,3,"Home","Leeds United","Hull City",13
276,28,FALSE,"2027-03-03",NA,NA,2,3,"Away","Hull City","Leeds United",11
277,28,FALSE,"2027-03-03",NA,NA,3,4,"Home","Liverpool","Aston Villa",14
277,28,FALSE,"2027-03-03",NA,NA,3,4,"Away","Aston Villa","Liverpool",2
278,28,FALSE,"2027-03-03",NA,NA,3,5,"Home","Manchester City","Everton",15
278,28,FALSE,"2027-03-03",NA,NA,3,5,"Away","Everton","Manchester City",9
279,28,FALSE,"2027-03-03",NA,NA,2,3,"Home","Nottingham Forest","Newcastle United",18
279,28,FALSE,"2027-03-03",NA,NA,2,3,"Away","Newcastle United","Nottingham Forest",17
280,28,FALSE,"2027-03-03",NA,NA,4,3,"Home","Sunderland","Manchester United",20
280,28,FALSE,"2027-03-03",NA,NA,4,3,"Away","Manchester United","Sunderland",16
281,29,FALSE,"2027-03-13",NA,NA,2,4,"Home","Aston Villa","Hull City",2
281,29,FALSE,"2027-03-13",NA,NA,2,4,"Away","Hull City","Aston Villa",11
282,29,FALSE,"2027-03-13",NA,NA,2,3,"Home","AFC Bournemouth","Newcastle United",3
282,29,FALSE,"2027-03-13",NA,NA,2,3,"Away","Newcastle United","AFC Bournemouth",17
283,29,FALSE,"2027-03-13",NA,NA,4,4,"Home","Chelsea","Arsenal",6
283,29,FALSE,"2027-03-13",NA,NA,4,4,"Away","Arsenal","Chelsea",1
284,29,FALSE,"2027-03-13",NA,NA,4,2,"Home","Coventry City","Manchester City",7
284,29,FALSE,"2027-03-13",NA,NA,4,2,"Away","Manchester City","Coventry City",15
285,29,FALSE,"2027-03-13",NA,NA,2,3,"Home","Crystal Palace","Fulham",8
285,29,FALSE,"2027-03-13",NA,NA,2,3,"Away","Fulham","Crystal Palace",10
286,29,FALSE,"2027-03-13",NA,NA,2,3,"Home","Leeds United","Brighton & Hove Albion",13
286,29,FALSE,"2027-03-13",NA,NA,2,3,"Away","Brighton & Hove Albion","Leeds United",5
287,29,FALSE,"2027-03-13",NA,NA,2,4,"Home","Liverpool","Ipswich Town",14
287,29,FALSE,"2027-03-13",NA,NA,2,4,"Away","Ipswich Town","Liverpool",12
288,29,FALSE,"2027-03-13",NA,NA,3,4,"Home","Manchester United","Everton",16
288,29,FALSE,"2027-03-13",NA,NA,3,4,"Away","Everton","Manchester United",9
290,29,FALSE,"2027-03-13",NA,NA,3,3,"Home","Tottenham Hotspur","Nottingham Forest",19
290,29,FALSE,"2027-03-13",NA,NA,3,3,"Away","Nottingham Forest","Tottenham Hotspur",18
289,29,FALSE,"2027-03-13",NA,NA,3,3,"Home","Sunderland","Brentford",20
289,29,FALSE,"2027-03-13",NA,NA,3,3,"Away","Brentford","Sunderland",4
291,30,FALSE,"2027-03-20",NA,NA,2,5,"Home","Arsenal","Sunderland",1
291,30,FALSE,"2027-03-20",NA,NA,2,5,"Away","Sunderland","Arsenal",20
292,30,FALSE,"2027-03-20",NA,NA,3,3,"Home","Brentford","AFC Bournemouth",4
292,30,FALSE,"2027-03-20",NA,NA,3,3,"Away","AFC Bournemouth","Brentford",3
293,30,FALSE,"2027-03-20",NA,NA,2,3,"Home","Brighton & Hove Albion","Coventry City",5
293,30,FALSE,"2027-03-20",NA,NA,2,3,"Away","Coventry City","Brighton & Hove Albion",7
294,30,FALSE,"2027-03-20",NA,NA,3,3,"Home","Everton","Tottenham Hotspur",9
294,30,FALSE,"2027-03-20",NA,NA,3,3,"Away","Tottenham Hotspur","Everton",19
295,30,FALSE,"2027-03-20",NA,NA,4,3,"Home","Fulham","Liverpool",10
295,30,FALSE,"2027-03-20",NA,NA,4,3,"Away","Liverpool","Fulham",14
296,30,FALSE,"2027-03-20",NA,NA,4,2,"Home","Hull City","Chelsea",11
296,30,FALSE,"2027-03-20",NA,NA,4,2,"Away","Chelsea","Hull City",6
297,30,FALSE,"2027-03-20",NA,NA,3,2,"Home","Ipswich Town","Crystal Palace",12
297,30,FALSE,"2027-03-20",NA,NA,3,2,"Away","Crystal Palace","Ipswich Town",8
298,30,FALSE,"2027-03-20",NA,NA,4,5,"Home","Manchester City","Manchester United",15
298,30,FALSE,"2027-03-20",NA,NA,4,5,"Away","Manchester United","Manchester City",16
299,30,FALSE,"2027-03-20",NA,NA,2,3,"Home","Newcastle United","Leeds United",17
299,30,FALSE,"2027-03-20",NA,NA,2,3,"Away","Leeds United","Newcastle United",13
300,30,FALSE,"2027-03-20",NA,NA,3,3,"Home","Nottingham Forest","Aston Villa",18
300,30,FALSE,"2027-03-20",NA,NA,3,3,"Away","Aston Villa","Nottingham Forest",2
301,31,FALSE,"2027-04-10",NA,NA,2,4,"Home","Aston Villa","Brighton & Hove Albion",2
301,31,FALSE,"2027-04-10",NA,NA,2,4,"Away","Brighton & Hove Albion","Aston Villa",5
302,31,FALSE,"2027-04-10",NA,NA,4,3,"Home","AFC Bournemouth","Manchester City",3
302,31,FALSE,"2027-04-10",NA,NA,4,3,"Away","Manchester City","AFC Bournemouth",15
303,31,FALSE,"2027-04-10",NA,NA,2,4,"Home","Chelsea","Fulham",6
303,31,FALSE,"2027-04-10",NA,NA,2,4,"Away","Fulham","Chelsea",10
304,31,FALSE,"2027-04-10",NA,NA,4,2,"Home","Coventry City","Arsenal",7
304,31,FALSE,"2027-04-10",NA,NA,4,2,"Away","Arsenal","Coventry City",1
305,31,FALSE,"2027-04-10",NA,NA,3,3,"Home","Crystal Palace","Everton",8
305,31,FALSE,"2027-04-10",NA,NA,3,3,"Away","Everton","Crystal Palace",9
306,31,FALSE,"2027-04-10",NA,NA,3,3,"Home","Leeds United","Nottingham Forest",13
306,31,FALSE,"2027-04-10",NA,NA,3,3,"Away","Nottingham Forest","Leeds United",18
307,31,FALSE,"2027-04-10",NA,NA,2,4,"Home","Liverpool","Newcastle United",14
307,31,FALSE,"2027-04-10",NA,NA,2,4,"Away","Newcastle United","Liverpool",17
308,31,FALSE,"2027-04-10",NA,NA,2,4,"Home","Manchester United","Hull City",16
308,31,FALSE,"2027-04-10",NA,NA,2,4,"Away","Hull City","Manchester United",11
310,31,FALSE,"2027-04-10",NA,NA,3,3,"Home","Tottenham Hotspur","Brentford",19
310,31,FALSE,"2027-04-10",NA,NA,3,3,"Away","Brentford","Tottenham Hotspur",4
309,31,FALSE,"2027-04-10",NA,NA,2,3,"Home","Sunderland","Ipswich Town",20
309,31,FALSE,"2027-04-10",NA,NA,2,3,"Away","Ipswich Town","Sunderland",12
311,32,FALSE,"2027-04-17",NA,NA,3,5,"Home","Arsenal","Aston Villa",1
311,32,FALSE,"2027-04-17",NA,NA,3,5,"Away","Aston Villa","Arsenal",2
312,32,FALSE,"2027-04-17",NA,NA,2,3,"Home","Brentford","Leeds United",4
312,32,FALSE,"2027-04-17",NA,NA,2,3,"Away","Leeds United","Brentford",13
313,32,FALSE,"2027-04-17",NA,NA,4,3,"Home","Brighton & Hove Albion","Chelsea",5
313,32,FALSE,"2027-04-17",NA,NA,4,3,"Away","Chelsea","Brighton & Hove Albion",6
314,32,FALSE,"2027-04-17",NA,NA,3,3,"Home","Everton","AFC Bournemouth",9
314,32,FALSE,"2027-04-17",NA,NA,3,3,"Away","AFC Bournemouth","Everton",3
315,32,FALSE,"2027-04-17",NA,NA,2,3,"Home","Fulham","Sunderland",10
315,32,FALSE,"2027-04-17",NA,NA,2,3,"Away","Sunderland","Fulham",20
316,32,FALSE,"2027-04-17",NA,NA,2,2,"Home","Hull City","Coventry City",11
316,32,FALSE,"2027-04-17",NA,NA,2,2,"Away","Coventry City","Hull City",7
317,32,FALSE,"2027-04-17",NA,NA,4,2,"Home","Ipswich Town","Manchester United",12
317,32,FALSE,"2027-04-17",NA,NA,4,2,"Away","Manchester United","Ipswich Town",16
318,32,FALSE,"2027-04-17",NA,NA,3,5,"Home","Manchester City","Crystal Palace",15
318,32,FALSE,"2027-04-17",NA,NA,3,5,"Away","Crystal Palace","Manchester City",8
319,32,FALSE,"2027-04-17",NA,NA,3,3,"Home","Newcastle United","Tottenham Hotspur",17
319,32,FALSE,"2027-04-17",NA,NA,3,3,"Away","Tottenham Hotspur","Newcastle United",19
320,32,FALSE,"2027-04-17",NA,NA,4,3,"Home","Nottingham Forest","Liverpool",18
320,32,FALSE,"2027-04-17",NA,NA,4,3,"Away","Liverpool","Nottingham Forest",14
321,33,FALSE,"2027-04-24",NA,NA,2,4,"Home","Aston Villa","Coventry City",2
321,33,FALSE,"2027-04-24",NA,NA,2,4,"Away","Coventry City","Aston Villa",7
322,33,FALSE,"2027-04-24",NA,NA,4,3,"Home","AFC Bournemouth","Arsenal",3
322,33,FALSE,"2027-04-24",NA,NA,4,3,"Away","Arsenal","AFC Bournemouth",1
323,33,FALSE,"2027-04-24",NA,NA,2,3,"Home","Brentford","Fulham",4
323,33,FALSE,"2027-04-24",NA,NA,2,3,"Away","Fulham","Brentford",10
324,33,FALSE,"2027-04-24",NA,NA,4,4,"Home","Chelsea","Manchester City",6
324,33,FALSE,"2027-04-24",NA,NA,4,4,"Away","Manchester City","Chelsea",15
325,33,FALSE,"2027-04-24",NA,NA,2,3,"Home","Everton","Brighton & Hove Albion",9
325,33,FALSE,"2027-04-24",NA,NA,2,3,"Away","Brighton & Hove Albion","Everton",5
326,33,FALSE,"2027-04-24",NA,NA,4,3,"Home","Leeds United","Liverpool",13
326,33,FALSE,"2027-04-24",NA,NA,4,3,"Away","Liverpool","Leeds United",14
327,33,FALSE,"2027-04-24",NA,NA,3,4,"Home","Manchester United","Crystal Palace",16
327,33,FALSE,"2027-04-24",NA,NA,3,4,"Away","Crystal Palace","Manchester United",8
328,33,FALSE,"2027-04-24",NA,NA,2,3,"Home","Newcastle United","Ipswich Town",17
328,33,FALSE,"2027-04-24",NA,NA,2,3,"Away","Ipswich Town","Newcastle United",12
329,33,FALSE,"2027-04-24",NA,NA,2,3,"Home","Nottingham Forest","Sunderland",18
329,33,FALSE,"2027-04-24",NA,NA,2,3,"Away","Sunderland","Nottingham Forest",20
330,33,FALSE,"2027-04-24",NA,NA,2,3,"Home","Tottenham Hotspur","Hull City",19
330,33,FALSE,"2027-04-24",NA,NA,2,3,"Away","Hull City","Tottenham Hotspur",11
331,34,FALSE,"2027-05-01",NA,NA,3,5,"Home","Arsenal","Tottenham Hotspur",1
331,34,FALSE,"2027-05-01",NA,NA,3,5,"Away","Tottenham Hotspur","Arsenal",19
332,34,FALSE,"2027-05-01",NA,NA,3,3,"Home","Brighton & Hove Albion","Nottingham Forest",5
332,34,FALSE,"2027-05-01",NA,NA,3,3,"Away","Nottingham Forest","Brighton & Hove Albion",18
333,34,FALSE,"2027-05-01",NA,NA,4,2,"Home","Coventry City","Manchester United",7
333,34,FALSE,"2027-05-01",NA,NA,4,2,"Away","Manchester United","Coventry City",16
334,34,FALSE,"2027-05-01",NA,NA,3,3,"Home","Crystal Palace","Aston Villa",8
334,34,FALSE,"2027-05-01",NA,NA,3,3,"Away","Aston Villa","Crystal Palace",2
335,34,FALSE,"2027-05-01",NA,NA,3,3,"Home","Fulham","Everton",10
335,34,FALSE,"2027-05-01",NA,NA,3,3,"Away","Everton","Fulham",9
336,34,FALSE,"2027-05-01",NA,NA,3,2,"Home","Hull City","AFC Bournemouth",11
336,34,FALSE,"2027-05-01",NA,NA,3,2,"Away","AFC Bournemouth","Hull City",3
337,34,FALSE,"2027-05-01",NA,NA,2,2,"Home","Ipswich Town","Leeds United",12
337,34,FALSE,"2027-05-01",NA,NA,2,2,"Away","Leeds United","Ipswich Town",13
338,34,FALSE,"2027-05-01",NA,NA,4,4,"Home","Liverpool","Chelsea",14
338,34,FALSE,"2027-05-01",NA,NA,4,4,"Away","Chelsea","Liverpool",6
339,34,FALSE,"2027-05-01",NA,NA,3,5,"Home","Manchester City","Brentford",15
339,34,FALSE,"2027-05-01",NA,NA,3,5,"Away","Brentford","Manchester City",4
340,34,FALSE,"2027-05-01",NA,NA,2,3,"Home","Sunderland","Newcastle United",20
340,34,FALSE,"2027-05-01",NA,NA,2,3,"Away","Newcastle United","Sunderland",17
341,35,FALSE,"2027-05-08",NA,NA,4,3,"Home","AFC Bournemouth","Manchester United",3
341,35,FALSE,"2027-05-08",NA,NA,4,3,"Away","Manchester United","AFC Bournemouth",16
342,35,FALSE,"2027-05-08",NA,NA,3,3,"Home","Brentford","Aston Villa",4
342,35,FALSE,"2027-05-08",NA,NA,3,3,"Away","Aston Villa","Brentford",2
343,35,FALSE,"2027-05-08",NA,NA,2,3,"Home","Brighton & Hove Albion","Sunderland",5
343,35,FALSE,"2027-05-08",NA,NA,2,3,"Away","Sunderland","Brighton & Hove Albion",20
344,35,FALSE,"2027-05-08",NA,NA,2,3,"Home","Everton","Hull City",9
344,35,FALSE,"2027-05-08",NA,NA,2,3,"Away","Hull City","Everton",11
345,35,FALSE,"2027-05-08",NA,NA,2,3,"Home","Fulham","Ipswich Town",10
345,35,FALSE,"2027-05-08",NA,NA,2,3,"Away","Ipswich Town","Fulham",12
346,35,FALSE,"2027-05-08",NA,NA,4,3,"Home","Leeds United","Arsenal",13
346,35,FALSE,"2027-05-08",NA,NA,4,3,"Away","Arsenal","Leeds United",1
347,35,FALSE,"2027-05-08",NA,NA,4,5,"Home","Manchester City","Liverpool",15
347,35,FALSE,"2027-05-08",NA,NA,4,5,"Away","Liverpool","Manchester City",14
348,35,FALSE,"2027-05-08",NA,NA,2,3,"Home","Newcastle United","Coventry City",17
348,35,FALSE,"2027-05-08",NA,NA,2,3,"Away","Coventry City","Newcastle United",7
349,35,FALSE,"2027-05-08",NA,NA,3,3,"Home","Nottingham Forest","Crystal Palace",18
349,35,FALSE,"2027-05-08",NA,NA,3,3,"Away","Crystal Palace","Nottingham Forest",8
350,35,FALSE,"2027-05-08",NA,NA,4,3,"Home","Tottenham Hotspur","Chelsea",19
350,35,FALSE,"2027-05-08",NA,NA,4,3,"Away","Chelsea","Tottenham Hotspur",6
351,36,FALSE,"2027-05-15",NA,NA,3,5,"Home","Arsenal","Nottingham Forest",1
351,36,FALSE,"2027-05-15",NA,NA,3,5,"Away","Nottingham Forest","Arsenal",18
352,36,FALSE,"2027-05-15",NA,NA,2,4,"Home","Aston Villa","Newcastle United",2
352,36,FALSE,"2027-05-15",NA,NA,2,4,"Away","Newcastle United","Aston Villa",17
353,36,FALSE,"2027-05-15",NA,NA,3,4,"Home","Chelsea","Everton",6
353,36,FALSE,"2027-05-15",NA,NA,3,4,"Away","Everton","Chelsea",9
354,36,FALSE,"2027-05-15",NA,NA,3,2,"Home","Coventry City","Tottenham Hotspur",7
354,36,FALSE,"2027-05-15",NA,NA,3,2,"Away","Tottenham Hotspur","Coventry City",19
355,36,FALSE,"2027-05-15",NA,NA,2,3,"Home","Crystal Palace","Brighton & Hove Albion",8
355,36,FALSE,"2027-05-15",NA,NA,2,3,"Away","Brighton & Hove Albion","Crystal Palace",5
356,36,FALSE,"2027-05-15",NA,NA,2,2,"Home","Hull City","Fulham",11
356,36,FALSE,"2027-05-15",NA,NA,2,2,"Away","Fulham","Hull City",10
357,36,FALSE,"2027-05-15",NA,NA,4,2,"Home","Ipswich Town","Manchester City",12
357,36,FALSE,"2027-05-15",NA,NA,4,2,"Away","Manchester City","Ipswich Town",15
358,36,FALSE,"2027-05-15",NA,NA,3,4,"Home","Liverpool","Brentford",14
358,36,FALSE,"2027-05-15",NA,NA,3,4,"Away","Brentford","Liverpool",4
359,36,FALSE,"2027-05-15",NA,NA,2,4,"Home","Manchester United","Leeds United",16
359,36,FALSE,"2027-05-15",NA,NA,2,4,"Away","Leeds United","Manchester United",13
360,36,FALSE,"2027-05-15",NA,NA,3,3,"Home","Sunderland","AFC Bournemouth",20
360,36,FALSE,"2027-05-15",NA,NA,3,3,"Away","AFC Bournemouth","Sunderland",3
361,37,FALSE,"2027-05-23",NA,NA,4,3,"Home","AFC Bournemouth","Chelsea",3
361,37,FALSE,"2027-05-23",NA,NA,4,3,"Away","Chelsea","AFC Bournemouth",6
362,37,FALSE,"2027-05-23",NA,NA,2,3,"Home","Brentford","Hull City",4
362,37,FALSE,"2027-05-23",NA,NA,2,3,"Away","Hull City","Brentford",11
363,37,FALSE,"2027-05-23",NA,NA,4,3,"Home","Brighton & Hove Albion","Liverpool",5
363,37,FALSE,"2027-05-23",NA,NA,4,3,"Away","Liverpool","Brighton & Hove Albion",14
364,37,FALSE,"2027-05-23",NA,NA,4,3,"Home","Everton","Arsenal",9
364,37,FALSE,"2027-05-23",NA,NA,4,3,"Away","Arsenal","Everton",1
365,37,FALSE,"2027-05-23",NA,NA,2,3,"Home","Fulham","Coventry City",10
365,37,FALSE,"2027-05-23",NA,NA,2,3,"Away","Coventry City","Fulham",7
366,37,FALSE,"2027-05-23",NA,NA,2,3,"Home","Leeds United","Sunderland",13
366,37,FALSE,"2027-05-23",NA,NA,2,3,"Away","Sunderland","Leeds United",20
367,37,FALSE,"2027-05-23",NA,NA,3,5,"Home","Manchester City","Aston Villa",15
367,37,FALSE,"2027-05-23",NA,NA,3,5,"Away","Aston Villa","Manchester City",2
368,37,FALSE,"2027-05-23",NA,NA,3,3,"Home","Newcastle United","Crystal Palace",17
368,37,FALSE,"2027-05-23",NA,NA,3,3,"Away","Crystal Palace","Newcastle United",8
369,37,FALSE,"2027-05-23",NA,NA,2,3,"Home","Nottingham Forest","Ipswich Town",18
369,37,FALSE,"2027-05-23",NA,NA,2,3,"Away","Ipswich Town","Nottingham Forest",12
370,37,FALSE,"2027-05-23",NA,NA,4,3,"Home","Tottenham Hotspur","Manchester United",19
370,37,FALSE,"2027-05-23",NA,NA,4,3,"Away","Manchester United","Tottenham Hotspur",16
371,38,FALSE,"2027-05-30",NA,NA,2,5,"Home","Arsenal","Brighton & Hove Albion",1
371,38,FALSE,"2027-05-30",NA,NA,2,5,"Away","Brighton & Hove Albion","Arsenal",5
372,38,FALSE,"2027-05-30",NA,NA,3,4,"Home","Aston Villa","Tottenham Hotspur",2
372,38,FALSE,"2027-05-30",NA,NA,3,4,"Away","Tottenham Hotspur","Aston Villa",19
373,38,FALSE,"2027-05-30",NA,NA,3,4,"Home","Chelsea","Brentford",6
373,38,FALSE,"2027-05-30",NA,NA,3,4,"Away","Brentford","Chelsea",4
374,38,FALSE,"2027-05-30",NA,NA,3,2,"Home","Coventry City","Nottingham Forest",7
374,38,FALSE,"2027-05-30",NA,NA,3,2,"Away","Nottingham Forest","Coventry City",18
375,38,FALSE,"2027-05-30",NA,NA,2,3,"Home","Crystal Palace","Leeds United",8
375,38,FALSE,"2027-05-30",NA,NA,2,3,"Away","Leeds United","Crystal Palace",13
376,38,FALSE,"2027-05-30",NA,NA,2,2,"Home","Hull City","Newcastle United",11
376,38,FALSE,"2027-05-30",NA,NA,2,2,"Away","Newcastle United","Hull City",17
377,38,FALSE,"2027-05-30",NA,NA,3,2,"Home","Ipswich Town","Everton",12
377,38,FALSE,"2027-05-30",NA,NA,3,2,"Away","Everton","Ipswich Town",9
378,38,FALSE,"2027-05-30",NA,NA,3,4,"Home","Liverpool","AFC Bournemouth",14
378,38,FALSE,"2027-05-30",NA,NA,3,4,"Away","AFC Bournemouth","Liverpool",3
379,38,FALSE,"2027-05-30",NA,NA,2,4,"Home","Manchester United","Fulham",16
379,38,FALSE,"2027-05-30",NA,NA,2,4,"Away","Fulham","Manchester United",10
380,38,FALSE,"2027-05-30",NA,NA,4,3,"Home","Sunderland","Manchester City",20
380,38,FALSE,"2027-05-30",NA,NA,4,3,"Away","Manchester City","Sunderland",15
