"Player ID","First Name","Second Name","Team ID","Current Cost","Form","Photo","Selected %","Chance of playing next round","Chance of playing this round","Dreamteam Count","In Dreamteam","News","News Added","Corners & Indirect freekicks order","Direct freekicks order","Penalties Order","Position"
1,"David","Raya Martín",1,60,"6.0","154561.jpg","37.9",NA,NA,0,FALSE,"",NA,NA,NA,NA,"Goalkeeper"
2,"Kepa","Arrizabalaga Revuelta",1,50,"0.0","109745.jpg","0.1",NA,NA,0,FALSE,"",NA,NA,NA,NA,"Goalkeeper"
3,"Illan","Meslier",1,50,"0.0","437495.jpg","0.0",NA,NA,0,FALSE,"",NA,NA,NA,NA,"Goalkeeper"
4,"Gabriel","dos Santos Magalhães",1,80,"6.5","226597.jpg","26.7",NA,NA,0,FALSE,"",NA,NA,NA,NA,"Defender"
5,"Jurriën","Timber",1,65,"0.0","445122.jpg","0.1",0,0,0,FALSE,"Groin injury - Unknown return date","2026-07-23T12:01:23.272929Z",NA,NA,NA,"Defender"
6,"William","Saliba",1,60,"0.0","462424.jpg","0.2",0,0,0,FALSE,"Back injury - Unknown return date","2026-07-23T12:01:23.289376Z",NA,NA,NA,"Defender"
7,"Myles","Lewis-Skelly",1,55,"3.0","499169.jpg","0.7",NA,NA,0,FALSE,"",NA,NA,NA,NA,"Midfielder"
8,"Riccardo","Calafiori",1,56,"10.0","466075.jpg","43.3",NA,NA,1,TRUE,"",NA,NA,NA,NA,"Defender"
9,"Piero","Hincapié",1,54,"0.5","448104.jpg","1.3",NA,NA,0,FALSE,"",NA,NA,NA,NA,"Defender"
10,"Benjamin","White",1,55,"9.0","198869.jpg","7.2",100,100,0,TRUE,"","2026-07-23T12:01:23.305229Z",NA,NA,NA,"Defender"
11,"Cristhian","Mosquera",1,55,"6.0","500040.jpg","5.1",NA,NA,0,FALSE,"",NA,NA,NA,NA,"Defender"
12,"Bukayo","Saka",1,95,"10.0","223340.jpg","10.5",NA,NA,0,TRUE,"",NA,2,2,1,"Midfielder"
13,"Declan","Rice",1,75,"4.0","204480.jpg","15.1",NA,NA,0,FALSE,"",NA,1,1,NA,"Midfielder"
14,"Eberechi","Eze",1,64,"1.0","232413.jpg","1.5",NA,NA,0,FALSE,"",NA,NA,3,NA,"Midfielder"
15,"Martin","Ødegaard",1,66,"7.0","184029.jpg","11.4",NA,NA,0,FALSE,"",NA,4,4,3,"Midfielder"
16,"Noni","Madueke",1,64,"0.5","248857.jpg","0.3",NA,NA,0,FALSE,"",NA,6,NA,NA,"Midfielder"
17,"Mikel","Merino Zazón",1,59,"1.0","195384.jpg","0.5",NA,NA,0,FALSE,"",NA,NA,NA,NA,"Midfielder"
18,"Gabriel","Martinelli Silva",1,63,"0.0","444145.jpg","0.2",NA,NA,0,FALSE,"",NA,NA,NA,NA,"Midfielder"
19,"Martín","Zubimendi Ibáñez",1,54,"1.0","481655.jpg","0.8",NA,NA,0,FALSE,"",NA,NA,NA,NA,"Midfielder"
20,"Max","Dowman",1,54,"0.0","616077.jpg","0.1",NA,NA,0,FALSE,"",NA,NA,NA,NA,"Midfielder"
22,"Ethan","Nwaneri",1,54,"0.0","499175.jpg","0.0",NA,NA,0,FALSE,"",NA,NA,NA,NA,"Midfielder"
23,"Fábio","Ferreira Vieira",1,55,"0.0","438098.jpg","0.0",NA,NA,0,FALSE,"",NA,NA,NA,NA,"Midfielder"
24,"Reiss","Nelson",1,55,"0.0","200641.jpg","0.0",0,NA,0,FALSE,"has departed the club as a free agent.","2026-08-29T00:33:08.556767Z",NA,NA,NA,"Midfielder"
25,"Viktor","Gyökeres",1,73,"0.0","224117.jpg","5.3",NA,NA,0,FALSE,"",NA,NA,NA,2,"Forward"
26,"Kai","Havertz",1,75,"4.0","219847.jpg","7.1",NA,NA,0,FALSE,"",NA,NA,NA,NA,"Forward"
27,"Gabriel","Fernando de Jesus",1,59,"0.0","205651.jpg","0.3",NA,NA,0,FALSE,"",NA,NA,NA,NA,"Forward"
31,"Ezri","Konsa Ngoyo",1,44,"0.5","199798.jpg","10.5",NA,NA,0,FALSE,"",NA,NA,NA,NA,"Defender"
452,"Bruno","Guimarães Rodriguez Moura",1,69,"0.5","208706.jpg","2.2",100,75,0,FALSE,"","2026-08-20T17:00:08.846118Z",5,NA,4,"Midfielder"
557,"Christos","Tzolis",1,65,"3.0","439509.jpg","22.5",NA,NA,0,FALSE,"",NA,3,NA,NA,"Midfielder"
29,"Marco","Bizot",2,45,"0.5","72147.jpg","0.1",NA,NA,0,FALSE,"",NA,NA,NA,NA,"Goalkeeper"
30,"Lucas","Digne",2,45,"0.0","101188.jpg","0.1",0,0,0,FALSE,"Has joined Paris Saint-Germain permanently","2026-08-10T14:03:30.089007Z",NA,NA,NA,"Defender"
32,"Matty","Cash",2,45,"0.5","199796.jpg","7.2",NA,NA,0,FALSE,"",NA,1,NA,NA,"Defender"
33,"Tyrone","Mings",2,45,"0.5","149484.jpg","0.4",NA,NA,0,FALSE,"",NA,NA,NA,NA,"Defender"
34,"Pau","Torres",2,45,"1.0","244954.jpg","0.4",NA,NA,0,FALSE,"",NA,NA,NA,NA,"Defender"
35,"Lamare","Bogarde",2,50,"0.5","515597.jpg","0.1",NA,NA,0,FALSE,"",NA,NA,NA,NA,"Midfielder"
36,"Ian","Maatsen",2,45,"0.5","441302.jpg","0.7",NA,NA,0,FALSE,"",NA,NA,NA,NA,"Defender"
37,"Victor","Lindelöf",2,45,"0.0","184667.jpg","0.3",NA,NA,0,FALSE,"",NA,NA,NA,NA,"Defender"
38,"Andrés","García",2,40,"0.0","606798.jpg","1.7",NA,NA,0,FALSE,"",NA,NA,NA,NA,"Defender"
39,"Kosta","Nedeljkovic",2,40,"0.0","578545.jpg","0.2",0,0,0,FALSE,"Has joined Rangers on loan for the rest of the season","2026-08-19T13:56:46.385411Z",NA,NA,NA,"Defender"
41,"Emiliano","Buendía Stati",2,60,"2.0","195546.jpg","1.1",NA,NA,0,FALSE,"",NA,3,1,1,"Midfielder"
44,"Leon","Bailey",2,55,"0.0","215711.jpg","0.1",NA,NA,0,FALSE,"",NA,NA,NA,NA,"Midfielder"
45,"John","McGinn",2,55,"1.0","122806.jpg","2.5",NA,NA,0,FALSE,"",NA,2,NA,NA,"Midfielder"
46,"Ross","Barkley",2,50,"2.0","88894.jpg","0.2",NA,NA,0,FALSE,"",NA,4,NA,NA,"Midfielder"
47,"Boubacar","Kamara",2,50,"2.0","226944.jpg","0.3",100,100,0,FALSE,"","2026-07-23T12:01:23.337269Z",NA,NA,NA,"Midfielder"
48,"Amadou","Onana",2,50,"0.0","449871.jpg","0.0",0,0,0,FALSE,"Knee injury - Unknown return date","2026-07-23T12:01:23.352497Z",NA,NA,NA,"Midfielder"
49,"Samuel","Iling-Junior",2,50,"0.0","469247.jpg","0.0",0,0,0,FALSE,"Has joined Bolton Wanderers on loan for the rest of the season","2026-08-17T13:52:28.532616Z",NA,NA,NA,"Midfielder"
50,"Bradley","Burrowes",2,45,"0.0","645618.jpg","0.7",NA,NA,0,FALSE,"",NA,NA,NA,NA,"Midfielder"
51,"George","Hemmings",2,45,"2.0","577285.jpg","0.9",NA,NA,0,FALSE,"",NA,NA,NA,NA,"Midfielder"
52,"Alysson Edward Franco","da Rocha dos Santos",2,50,"0.5","653481.jpg","0.0",NA,NA,0,FALSE,"",NA,NA,NA,NA,"Midfielder"
53,"Johan","Manzambi",2,59,"0.0","614071.jpg","0.2",0,0,0,FALSE,"Knee injury - Unknown return date","2026-08-15T15:30:06.388335Z",NA,NA,NA,"Midfielder"
54,"Joao","Gomes",2,55,"-1.0","448089.jpg","0.0",0,0,0,FALSE,"Suspended until 19 Sep","2026-08-23T17:30:08.367415Z",NA,NA,NA,"Midfielder"
55,"Ollie","Watkins",2,78,"0.0","178301.jpg","5.5",0,NA,0,FALSE,"Has joined Al Hilal permanently","2026-09-01T13:15:16.698799Z",NA,NA,2,"Forward"
56,"Tammy","Abraham",2,55,"0.5","173879.jpg","0.1",100,50,0,FALSE,"","2026-08-15T16:00:07.558543Z",NA,NA,NA,"Forward"
160,"Alejandro","Garnacho Ferreyra",2,59,"1.0","493105.jpg","0.5",NA,NA,0,FALSE,"",NA,NA,NA,NA,"Midfielder"
166,"Nicolas","Jackson",2,65,"1.0","517052.jpg","0.8",NA,NA,0,FALSE,"",NA,NA,NA,NA,"Forward"
582,"Brian","Madjo",2,55,"0.0","690838.jpg","0.3",0,0,0,FALSE,"Unspecified injury - Unknown return date","2026-08-15T16:00:07.974271Z",NA,NA,NA,"Forward"
596,"Matteo","Ruggeri",2,45,"0.5","487992.jpg","0.1",NA,NA,0,FALSE,"",NA,NA,NA,NA,"Defender"
597,"Zion","Suzuki",2,50,"1.0","433969.jpg","1.1",NA,NA,0,FALSE,"",NA,NA,NA,NA,"Goalkeeper"
606,"Triston","Rowe",2,40,"0.0","569577.jpg","0.1",NA,NA,0,FALSE,"",NA,NA,NA,NA,"Defender"
607,"Luka","Lynch",2,45,"0.0","571380.jpg","0.1",NA,NA,0,FALSE,"",NA,NA,NA,NA,"Midfielder"
611,"Aaron","Wan-Bissaka",2,45,"1.0","214590.jpg","0.1",NA,NA,0,FALSE,"",NA,NA,NA,NA,"Defender"
618,"Leon","Goretzka",2,60,"0.0","119090.jpg","0.0",NA,NA,0,FALSE,"",NA,NA,NA,NA,"Midfielder"
57,"Đorđe","Petrović",3,45,"2.5","457569.jpg","3.4",NA,NA,0,FALSE,"",NA,NA,NA,NA,"Goalkeeper"
58,"Fraser","Forster",3,40,"0.0","40383.jpg","3.3",NA,NA,0,FALSE,"",NA,NA,NA,NA,"Goalkeeper"
59,"Will","Dennis",3,40,"0.0","444172.jpg","0.2",0,0,0,FALSE,"Has joined MK Dons permanently","2026-08-27T14:53:48.692835Z",NA,NA,NA,"Goalkeeper"
60,"James","Hill",3,55,"2.5","463981.jpg","0.9",NA,NA,0,FALSE,"",NA,NA,NA,NA,"Defender"
61,"Adrien","Truffert",3,55,"2.5","494521.jpg","3.9",NA,NA,0,FALSE,"",NA,NA,NA,NA,"Defender"
62,"Bafodé","Diakité",3,50,"0.0","242882.jpg","0.2",NA,NA,0,FALSE,"",NA,NA,NA,NA,"Defender"
63,"Veljko","Milosavljevic",3,50,"0.0","620487.jpg","0.0",0,0,0,FALSE,"Unspecified injury - Unknown return date","2026-08-06T10:00:10.456051Z",NA,NA,NA,"Defender"
64,"Adam","Smith",3,45,"1.0","54469.jpg","0.1",NA,NA,0,FALSE,"",NA,NA,NA,NA,"Defender"
65,"Julián","Araujo Zúñiga",3,45,"0.0","436893.jpg","0.0",0,0,0,FALSE,"Thigh injury - Unknown return date","2026-08-09T08:00:05.645826Z",NA,NA,NA,"Defender"
66,"Julio","Soler Barreto",3,40,"0.0","575901.jpg","0.2",100,75,0,FALSE,"","2026-08-15T16:30:07.021055Z",NA,NA,NA,"Defender"
67,"Rayan Vitor","Simplício Rocha",3,65,"2.0","499604.jpg","2.4",NA,NA,0,FALSE,"",NA,NA,NA,NA,"Midfielder"
68,"Marcus","Tavernier",3,60,"5.5","201658.jpg","2.3",NA,NA,0,FALSE,"",NA,1,1,3,"Midfielder"
69,"Alex","Scott",3,60,"7.0","503139.jpg","1.9",NA,NA,1,FALSE,"",NA,2,4,NA,"Midfielder"
70,"Justin","Kluivert",3,60,"3.0","222683.jpg","1.1",NA,NA,0,FALSE,"",NA,3,2,2,"Midfielder"
71,"Lewis","Cook",3,50,"3.0","155408.jpg","0.2",NA,NA,0,FALSE,"",NA,5,NA,NA,"Midfielder"
72,"Ben","Gannon-Doak",3,50,"0.5","496208.jpg","0.1",NA,NA,0,FALSE,"",NA,NA,NA,NA,"Midfielder"
73,"Tyler","Adams",3,50,"1.0","200785.jpg","0.2",100,100,0,FALSE,"","2026-08-15T16:30:07.029928Z",NA,NA,NA,"Midfielder"
74,"David","Brooks",3,50,"0.5","111317.jpg","0.1",100,100,0,FALSE,"","2026-08-15T16:30:07.037929Z",4,3,NA,"Midfielder"
75,"Ryan","Christie",3,50,"0.5","158499.jpg","0.0",100,100,0,FALSE,"","2026-07-24T17:30:10.035483Z",6,NA,NA,"Midfielder"
76,"Alex","Tóth",3,50,"0.5","614574.jpg","0.0",NA,NA,0,FALSE,"",NA,NA,NA,NA,"Midfielder"
77,"Amine","Adli",3,49,"0.0","489888.jpg","0.0",0,0,0,FALSE,"Unspecified injury - Unknown return date","2026-08-15T16:00:07.590566Z",NA,NA,NA,"Midfielder"
78,"Junior","Kroupi",3,74,"0.0","560262.jpg","0.2",0,0,0,FALSE,"Foot injury - Unknown return date","2026-07-29T17:30:09.796802Z",NA,NA,1,"Midfielder"
79,"Francisco Evanilson","de Lima Barbosa",3,60,"4.5","444102.jpg","3.2",NA,NA,0,FALSE,"",NA,NA,NA,NA,"Forward"
80,"Enes","Ünal",3,55,"0.0","168636.jpg","0.0",0,0,0,FALSE,"Has joined Getafe permanently","2026-08-14T14:14:21.881112Z",NA,NA,NA,"Forward"
81,"Álvaro","Rodríguez",3,60,"0.5","561245.jpg","0.1",100,100,0,FALSE,"","2026-08-15T16:30:07.054142Z",NA,NA,NA,"Forward"
566,"António João","Pereira de Albuquerque Tavares da Silva",3,50,"3.0","483067.jpg","0.4",NA,NA,0,FALSE,"",NA,NA,NA,NA,"Defender"
573,"Juanlu","Sánchez",3,45,"0.0","494928.jpg","0.2",NA,NA,0,FALSE,"",NA,NA,NA,NA,"Defender"
608,"Daniel","Jebbison",3,50,"0.5","523700.jpg","0.1",NA,NA,0,FALSE,"",NA,NA,NA,NA,"Forward"
615,"Michele","Di Gregorio",3,45,"0.0","230650.jpg","0.0",NA,NA,0,FALSE,"",NA,NA,NA,NA,"Goalkeeper"
82,"Caoimhín","Kelleher",4,50,"4.5","200720.jpg","7.1",NA,NA,0,FALSE,"",NA,NA,NA,NA,"Goalkeeper"
83,"Hákon Rafn","Valdimarsson",4,45,"0.0","507433.jpg","0.1",NA,NA,0,FALSE,"",NA,NA,NA,NA,"Goalkeeper"
84,"Nathan","Collins",4,55,"4.5","432830.jpg","2.2",NA,NA,0,FALSE,"",NA,NA,NA,NA,"Defender"
85,"Sepp","van den Berg",4,49,"0.0","444765.jpg","0.1",0,0,0,FALSE,"Groin injury - Unknown return date","2026-08-15T15:30:06.416627Z",NA,NA,NA,"Defender"
86,"Keane","Lewis-Potter",4,55,"8.0","249231.jpg","1.8",NA,NA,0,FALSE,"",NA,NA,1,NA,"Midfielder"
87,"Kristoffer","Ajer",4,45,"5.5","191866.jpg","4.7",NA,NA,0,FALSE,"",NA,NA,NA,NA,"Defender"
88,"Michael","Kayode",4,46,"7.5","607464.jpg","9.2",NA,NA,1,FALSE,"",NA,NA,NA,NA,"Defender"
89,"Rico","Henry",4,45,"0.5","194010.jpg","0.2",NA,NA,0,FALSE,"",NA,NA,NA,NA,"Defender"
90,"Aaron","Hickey",4,45,"1.0","472713.jpg","0.1",NA,NA,0,FALSE,"",NA,NA,NA,NA,"Defender"
92,"Kim","Ji-soo",4,45,"0.0","570241.jpg","0.0",NA,NA,0,FALSE,"",NA,NA,NA,NA,"Defender"
93,"Jannik","Schuster",4,45,"0.0","513086.jpg","0.2",NA,NA,0,FALSE,"",NA,NA,NA,NA,"Defender"
94,"Kevin","Schade",4,60,"6.5","513418.jpg","3.9",NA,NA,0,FALSE,"",NA,NA,NA,2,"Midfielder"
95,"Dango","Ouattara",4,65,"2.0","533463.jpg","0.9",NA,NA,0,FALSE,"",NA,2,NA,NA,"Midfielder"
96,"Mikkel","Damsgaard",4,55,"2.0","440089.jpg","0.5",NA,NA,0,FALSE,"",NA,3,3,NA,"Midfielder"
97,"Mathias","Jensen",4,55,"3.0","207283.jpg","0.2",75,NA,0,FALSE,"Unspecified injury - 75% chance of playing","2026-08-30T12:30:08.176795Z",1,2,3,"Midfielder"
98,"Vitaly","Janelt",4,50,"5.0","204580.jpg","0.6",NA,NA,0,FALSE,"",NA,4,NA,NA,"Midfielder"
99,"Antoni","Milambo",4,50,"0.0","543295.jpg","0.0",0,0,0,FALSE,"Knee injury - Unknown return date","2026-07-23T12:01:23.384798Z",NA,NA,NA,"Midfielder"
100,"Fábio","Freitas Gouveia Carvalho",4,50,"0.0","244858.jpg","0.0",100,100,0,FALSE,"","2026-08-18T13:58:17.442072Z",NA,NA,NA,"Midfielder"
102,"Yehor","Yarmoliuk",4,50,"1.0","508395.jpg","1.0",NA,NA,0,FALSE,"",NA,NA,NA,NA,"Midfielder"
103,"Josh","Dasilva",4,50,"0.0","183656.jpg","0.0",NA,NA,0,FALSE,"",NA,NA,NA,NA,"Midfielder"
105,"Jaidon","Anthony",4,60,"1.5","444180.jpg","0.2",NA,NA,0,FALSE,"",NA,NA,NA,NA,"Midfielder"
106,"Igor Thiago","Nascimento Rodrigues",4,80,"1.0","502500.jpg","14.6",NA,NA,0,FALSE,"",NA,NA,NA,1,"Forward"
107,"Kaye","Furo",4,45,"0.0","593174.jpg","1.0",NA,NA,0,FALSE,"",NA,NA,NA,NA,"Forward"
108,"Callum","Wilson",4,55,"1.0","75115.jpg","0.4",NA,NA,0,FALSE,"",NA,NA,NA,NA,"Forward"
565,"Mamadou","Sangaré",4,57,"9.0","513545.jpg","12.7",NA,NA,1,TRUE,"",NA,NA,NA,NA,"Midfielder"
620,"El Hadji Malick","Diouf",4,45,"0.0","613804.jpg","0.1",NA,NA,0,FALSE,"",NA,NA,NA,NA,"Defender"
109,"Bart","Verbruggen",5,45,"3.0","489639.jpg","21.6",NA,NA,0,FALSE,"",NA,NA,NA,NA,"Goalkeeper"
111,"Jason","Steele",5,40,"0.0","49262.jpg","4.2",NA,NA,0,FALSE,"",NA,NA,NA,NA,"Goalkeeper"
113,"Ferdi","Kadıoğlu",5,44,"0.0","231416.jpg","2.1",100,100,0,FALSE,"","2026-08-23T13:00:07.595211Z",3,NA,NA,"Defender"
114,"Olivier","Boscagli",5,45,"2.5","204120.jpg","0.3",NA,NA,0,FALSE,"",NA,NA,NA,NA,"Defender"
115,"Maxim","De Cuyper",5,47,"8.5","465730.jpg","14.2",NA,NA,1,FALSE,"",NA,2,4,NA,"Defender"
116,"Lewis","Dunk",5,45,"2.5","83299.jpg","1.2",NA,NA,0,FALSE,"",NA,NA,3,NA,"Defender"
117,"Diego","Coppola",5,45,"0.0","550090.jpg","0.0",NA,NA,0,FALSE,"",NA,NA,NA,NA,"Defender"
118,"Igor Julio","dos Santos de Paulo",5,45,"0.0","223434.jpg","0.1",NA,NA,0,FALSE,"",NA,NA,NA,NA,"Defender"
119,"João Pedro","Loureiro da Costa",5,45,"0.5","451490.jpg","0.0",NA,NA,0,FALSE,"",NA,NA,NA,NA,"Defender"
120,"Michael","Svoboda",5,50,"0.0","454490.jpg","0.1",NA,NA,0,FALSE,"",NA,NA,NA,NA,"Defender"
121,"Mitoma","Kaoru",5,60,"0.0","451340.jpg","0.0",0,0,0,FALSE,"Hamstring injury - Unknown return date","2026-07-24T18:30:10.661894Z",NA,NA,NA,"Midfielder"
122,"Yankuba","Minteh",5,59,"0.0","592031.jpg","0.0",0,0,0,FALSE,"Leg injury - Expected back 28 Nov","2026-08-14T18:00:06.418033Z",5,NA,NA,"Midfielder"
123,"Jack","Hinshelwood",5,60,"8.0","532529.jpg","1.5",50,25,1,FALSE,"Unspecified injury - 50% chance of playing","2026-08-27T19:30:07.780933Z",NA,NA,NA,"Midfielder"
124,"Pascal","Groß",5,55,"7.5","60307.jpg","14.3",NA,NA,1,FALSE,"",NA,1,1,1,"Midfielder"
125,"Georginio","Rutter",5,55,"2.5","463067.jpg","0.8",75,75,0,FALSE,"Unspecified injury - 75% chance of playing","2026-08-26T16:00:07.608056Z",NA,NA,NA,"Forward"
126,"Matt","O'Riley",5,55,"0.0","219249.jpg","0.1",NA,NA,0,FALSE,"",NA,NA,NA,3,"Midfielder"
127,"Diego","Gómez Amarilla",5,50,"5.5","514254.jpg","4.4",NA,NA,0,FALSE,"",NA,NA,5,NA,"Midfielder"
128,"Facundo","Buonanotte",5,50,"0.0","536916.jpg","0.0",0,0,0,FALSE,"Has joined Elche on loan for the rest of the season","2026-08-10T14:03:07.561436Z",NA,NA,NA,"Midfielder"
129,"Yasin","Ayari",5,55,"1.0","509416.jpg","0.5",75,NA,0,FALSE,"Ankle injury - 75% chance of playing","2026-08-30T18:00:07.935334Z",4,2,NA,"Midfielder"
130,"Mats","Wieffer",5,50,"3.5","467779.jpg","0.5",NA,NA,0,FALSE,"",NA,NA,NA,NA,"Defender"
132,"Harry","Howell",5,45,"0.0","597320.jpg","0.0",0,0,0,FALSE,"Has joined Leicester City on loan for the rest of the season","2026-08-17T13:53:19.019938Z",NA,NA,NA,"Midfielder"
133,"Tom","Watson",5,50,"0.0","549074.jpg","0.0",0,0,0,FALSE,"Has joined Leicester City on loan for the rest of the season","2026-08-03T14:05:44.459483Z",NA,NA,NA,"Midfielder"
134,"Nehemiah","Oriola",5,45,"0.0","556637.jpg","0.3",NA,NA,0,FALSE,"",NA,NA,NA,NA,"Midfielder"
135,"Zadok","Yohanna",5,50,"0.5","700308.jpg","0.1",NA,NA,0,FALSE,"",NA,NA,NA,NA,"Midfielder"
137,"Stefanos","Tzimas",5,55,"0.0","608181.jpg","0.0",0,0,0,FALSE,"Knee injury - Unknown return date","2026-07-23T12:01:23.432796Z",NA,NA,NA,"Forward"
138,"Charalampos","Kostoulas",5,55,"3.0","647850.jpg","0.4",NA,NA,0,FALSE,"",NA,NA,NA,NA,"Forward"
139,"Evan","Ferguson",5,50,"0.0","487117.jpg","0.0",0,0,0,FALSE,"Ankle injury - Expected back 10 Oct","2026-07-23T12:01:23.448357Z",NA,NA,NA,"Forward"
328,"Pascal","Struijk",5,50,"0.0","222694.jpg","0.2",100,100,0,FALSE,"","2026-08-15T20:30:07.523574Z",NA,NA,NA,"Defender"
504,"Luka","Vušković",5,50,"3.0","610799.jpg","2.4",NA,NA,0,FALSE,"",NA,NA,NA,NA,"Defender"
594,"Promise","David",5,60,"0.5","538007.jpg","0.3",NA,NA,0,FALSE,"",NA,NA,NA,2,"Forward"
600,"Ibrahim","Osman",5,50,"1.0","612855.jpg","0.0",NA,NA,0,FALSE,"",NA,NA,NA,NA,"Midfielder"
605,"Malick","Yalcouyé",5,45,"4.5","611695.jpg","1.3",NA,NA,0,FALSE,"",NA,NA,NA,NA,"Midfielder"
614,"Jaouen","Hadjam",5,45,"0.0","512123.jpg","0.0",NA,NA,0,FALSE,"",NA,NA,NA,NA,"Defender"
624,"Amario","Cozier-Duberry",5,50,"0.0","519324.jpg","0.0",NA,NA,0,FALSE,"",NA,NA,NA,NA,"Midfielder"
28,"Emiliano","Martínez Romero",6,50,"1.0","98980.jpg","4.4",NA,NA,0,FALSE,"",NA,NA,NA,NA,"Goalkeeper"
40,"Morgan","Rogers",6,75,"6.5","244850.jpg","25.1",NA,NA,0,FALSE,"",NA,4,NA,NA,"Midfielder"
101,"Jordan","Henderson",6,50,"0.0","56979.jpg","0.0",75,75,0,FALSE,"Wrist injury - 75% chance of playing","2026-08-09T09:30:07.136250Z",NA,NA,NA,"Midfielder"
136,"Danny","Welbeck",6,59,"0.0","50175.jpg","0.9",100,100,0,FALSE,"","2026-08-20T14:00:07.949090Z",NA,NA,NA,"Forward"
140,"Robert","Lynch Sánchez",6,49,"1.0","215059.jpg","1.7",NA,NA,0,FALSE,"",NA,NA,NA,NA,"Goalkeeper"
141,"Filip","Jörgensen",6,50,"0.0","508479.jpg","0.0",0,0,0,FALSE,"Has joined RC Strasbourg on loan for the rest of the season","2026-08-12T14:07:02.607115Z",NA,NA,NA,"Goalkeeper"
142,"Reece","James",6,55,"0.5","225796.jpg","8.6",NA,NA,0,FALSE,"",NA,1,1,NA,"Defender"
143,"Trevoh","Chalobah",6,55,"0.0","180736.jpg","0.1",0,0,0,FALSE,"Has joined Como permanently","2026-08-10T14:03:50.769483Z",NA,NA,NA,"Defender"
144,"Malo","Gusto",6,50,"1.0","482609.jpg","1.2",NA,NA,0,FALSE,"",NA,NA,NA,NA,"Defender"
145,"Wesley","Fofana",6,50,"0.0","444463.jpg","0.1",100,100,0,FALSE,"","2026-07-23T12:01:23.464591Z",NA,NA,NA,"Defender"
146,"Benoît","Badiashile Mukinayi",6,45,"0.0","242880.jpg","0.0",0,0,0,FALSE,"Has joined Napoli on loan for the rest of the season","2026-08-25T14:03:47.079414Z",NA,NA,NA,"Defender"
147,"Tosin","Adarabioyo",6,45,"0.0","109646.jpg","0.2",NA,NA,0,FALSE,"",NA,NA,NA,NA,"Defender"
148,"Jorrel","Hato",6,45,"2.5","551210.jpg","0.6",NA,NA,0,FALSE,"",NA,NA,NA,NA,"Defender"
149,"Levi","Samuels Colwill",6,50,"0.5","460028.jpg","1.3",NA,NA,0,FALSE,"",NA,NA,NA,NA,"Defender"
150,"Mamadou","Sarr",6,45,"0.0","574458.jpg","0.1",0,NA,0,FALSE,"Has joined Real Sociedad on loan for the rest of the season","2026-08-29T00:34:23.077418Z",NA,NA,NA,"Defender"
151,"Josh","Acheampong",6,45,"2.0","577016.jpg","0.4",NA,NA,0,FALSE,"",NA,NA,NA,NA,"Defender"
152,"Marco","Palestra",6,54,"0.0","620109.jpg","1.5",75,75,0,FALSE,"Unspecified injury - 75% chance of playing","2026-08-24T18:30:07.421239Z",NA,NA,NA,"Defender"
154,"Cole","Palmer",6,96,"10.0","244851.jpg","18.3",100,100,1,TRUE,"","2026-08-24T22:00:07.971542Z",NA,3,1,"Midfielder"
155,"Enzo","Fernández",6,69,"0.5","448047.jpg","3.5",NA,NA,0,FALSE,"",NA,3,2,2,"Midfielder"
156,"Pedro","Lomba Neto",6,65,"4.0","247632.jpg","1.3",NA,NA,0,FALSE,"",NA,2,4,NA,"Midfielder"
157,"Estêvão","Almeida de Oliveira Gonçalves",6,64,"0.5","624773.jpg","0.9",NA,NA,0,FALSE,"",NA,5,NA,3,"Midfielder"
158,"Jamie","Bynoe-Gittens",6,59,"0.0","463936.jpg","0.0",NA,NA,0,FALSE,"",NA,NA,NA,NA,"Midfielder"
159,"Moisés","Caicedo Corozo",6,54,"0.5","486672.jpg","2.2",75,75,0,FALSE,"Unspecified injury - 75% chance of playing","2026-08-30T16:00:08.393562Z",NA,NA,NA,"Midfielder"
161,"Roméo","Lavia",6,50,"4.0","514356.jpg","0.2",NA,NA,0,FALSE,"",NA,NA,NA,NA,"Midfielder"
163,"Dário","Luís Essugo",6,45,"0.0","491007.jpg","0.2",NA,NA,0,FALSE,"",NA,NA,NA,NA,"Midfielder"
164,"Geovany","Quenda",6,54,"0.5","593117.jpg","0.0",100,100,0,FALSE,"","2026-07-24T20:30:10.609931Z",NA,NA,NA,"Midfielder"
165,"João Pedro","Junqueira de Jesus",6,77,"10.0","475168.jpg","69.9",NA,NA,1,TRUE,"",NA,NA,NA,NA,"Forward"
168,"Marc","Guiu Paz",6,50,"0.0","499309.jpg","0.4",0,NA,0,FALSE,"Has joined RB Leipzig permanently","2026-09-01T13:24:48.857362Z",NA,NA,NA,"Forward"
169,"Shumaira","Mheuka",6,45,"0.0","567119.jpg","0.4",NA,NA,0,FALSE,"",NA,NA,NA,NA,"Forward"
170,"Emmanuel","Emegha",6,50,"0.0","503037.jpg","0.1",100,100,0,FALSE,"","2026-07-24T20:30:10.622380Z",NA,NA,NA,"Forward"
200,"Maxence","Lacroix",6,60,"3.5","437499.jpg","8.7",NA,NA,0,FALSE,"",NA,NA,NA,NA,"Defender"
560,"Mike","Penders",6,45,"0.0","549939.jpg","0.1",NA,NA,0,FALSE,"",NA,NA,NA,NA,"Goalkeeper"
561,"Aaron","Anselmino",6,45,"0.0","622758.jpg","0.0",100,100,0,FALSE,"","2026-08-23T19:00:08.536705Z",NA,NA,NA,"Defender"
568,"Valentín","Barco",6,55,"0.5","543158.jpg","0.1",NA,NA,0,FALSE,"",NA,NA,NA,NA,"Midfielder"
578,"Mykhailo","Mudryk",6,54,"0.0","465920.jpg","0.0",NA,NA,0,FALSE,"",NA,NA,NA,NA,"Midfielder"
583,"Pep","Chavarría",6,50,"1.0","498444.jpg","0.2",NA,NA,0,FALSE,"",NA,NA,NA,NA,"Defender"
91,"Ethan","Pinnock",7,45,"0.5","231065.jpg","0.1",NA,NA,0,FALSE,"",NA,NA,NA,NA,"Defender"
104,"Frank","Onyeka",7,50,"1.0","428580.jpg","0.1",NA,NA,0,FALSE,"",NA,NA,NA,NA,"Midfielder"
110,"Carl","Rushworth",7,45,"1.5","472739.jpg","1.1",NA,NA,0,FALSE,"",NA,NA,NA,NA,"Goalkeeper"
171,"Oliver","Dovin",7,40,"0.0","484389.jpg","1.5",NA,NA,0,FALSE,"",NA,NA,NA,NA,"Goalkeeper"
172,"Ben","Wilson",7,45,"0.0","110690.jpg","0.4",NA,NA,0,FALSE,"",NA,NA,NA,NA,"Goalkeeper"
173,"Bobby","Thomas",7,40,"5.5","461102.jpg","8.3",NA,NA,0,FALSE,"",NA,NA,NA,NA,"Defender"
174,"Liam","Kitching",7,40,"0.0","436761.jpg","0.6",NA,NA,0,FALSE,"",NA,NA,NA,NA,"Defender"
175,"Milan","van Ewijk",7,40,"1.5","451284.jpg","12.2",NA,NA,0,FALSE,"",NA,NA,NA,NA,"Defender"
176,"Jay","Dasilva",7,40,"1.5","173878.jpg","0.8",NA,NA,0,FALSE,"",NA,NA,NA,NA,"Defender"
177,"Kaine","Kesler-Hayden",7,40,"0.0","465390.jpg","0.0",0,0,0,FALSE,"Hamstring injury - Unknown return date","2026-08-27T14:56:28.704361Z",NA,NA,NA,"Defender"
178,"Jake","Bidwell",7,40,"0.0","80178.jpg","0.1",NA,NA,0,FALSE,"",NA,NA,NA,NA,"Defender"
179,"Joel","Latibeaudiere",7,40,"0.0","204813.jpg","0.0",NA,NA,0,FALSE,"",NA,NA,NA,NA,"Defender"
180,"Luke","Woolfenden",7,40,"0.0","220583.jpg","0.1",0,0,0,FALSE,"Knee injury - Unknown return date","2026-08-27T14:56:28.718566Z",NA,NA,NA,"Defender"
181,"Miguel","Brau",7,40,"0.0","577411.jpg","0.0",0,NA,0,FALSE,"Has joined Academico de Viseu on loan for the rest of the season","2026-08-29T00:35:59.980316Z",NA,NA,NA,"Defender"
182,"Aurèle","Amenda",7,40,"1.0","539142.jpg","0.8",NA,NA,0,FALSE,"",NA,NA,NA,NA,"Defender"
183,"Jack","Rudoni",7,50,"2.0","480457.jpg","0.1",100,100,0,FALSE,"","2026-07-23T12:01:23.481435Z",4,1,NA,"Midfielder"
184,"Matt","Grimes",7,50,"2.0","168144.jpg","0.2",NA,NA,0,FALSE,"",NA,1,NA,3,"Midfielder"
185,"Tatsuhiro","Sakamoto",7,49,"0.5","501459.jpg","0.1",NA,NA,0,FALSE,"",NA,NA,NA,NA,"Midfielder"
186,"Ephron","Mason-Clark",7,55,"0.5","241293.jpg","0.1",100,100,0,FALSE,"","2026-08-19T18:00:08.310507Z",NA,NA,NA,"Midfielder"
187,"Josh","Eccles",7,49,"0.0","439668.jpg","0.0",NA,NA,0,FALSE,"",NA,NA,NA,NA,"Midfielder"
188,"Victor","Torp",7,55,"1.0","226965.jpg","0.1",NA,NA,0,FALSE,"",NA,2,2,2,"Midfielder"
189,"George","Shepherd",7,45,"0.0","684268.jpg","0.3",NA,NA,0,FALSE,"",NA,NA,NA,NA,"Midfielder"
190,"Loum","Tchaouna",7,55,"1.5","469272.jpg","0.1",NA,NA,0,FALSE,"",NA,NA,NA,NA,"Midfielder"
191,"Raphael","Borges Rodrigues",7,45,"0.0","492498.jpg","0.2",NA,NA,0,FALSE,"",NA,NA,NA,NA,"Midfielder"
192,"Kai","Andrews",7,45,"0.0","629397.jpg","0.5",0,NA,0,FALSE,"Has joined Oxford United on loan for the rest of the season","2026-08-29T00:35:59.998520Z",NA,NA,NA,"Midfielder"
193,"Haji","Wright",7,54,"0.0","176412.jpg","0.1",0,0,0,FALSE,"Thigh injury - Unknown return date","2026-08-14T22:00:07.214508Z",NA,NA,1,"Forward"
194,"Brandon","Thomas-Asante",7,50,"1.5","230730.jpg","0.8",NA,NA,0,FALSE,"",NA,NA,NA,4,"Forward"
195,"Ellis","Simms",7,50,"1.0","218997.jpg","0.9",NA,NA,0,FALSE,"",NA,NA,NA,NA,"Forward"
196,"Jahnoah","Markelo",7,50,"0.0","551262.jpg","0.0",0,0,0,FALSE,"Has joined Shabab Al-Ahli Dubai permanently","2026-08-17T13:53:55.791223Z",NA,NA,NA,"Forward"
197,"Norman","Bassette",7,45,"0.0","549653.jpg","0.0",0,0,0,FALSE,"Has joined KVC Westerlo on loan for the rest of the season","2026-07-28T12:58:50.001768Z",NA,NA,NA,"Forward"
492,"Taiwo","Awoniyi",7,55,"1.5","210156.jpg","0.7",NA,NA,0,FALSE,"",NA,NA,NA,5,"Forward"
575,"Caleb","Yirenkyi",7,50,"2.0","661888.jpg","0.2",NA,NA,0,FALSE,"",NA,NA,NA,NA,"Midfielder"
584,"Gustavo","Hamer",7,55,"1.0","196100.jpg","0.1",NA,NA,0,FALSE,"",NA,3,NA,NA,"Midfielder"
599,"Sidiki","Cherif",7,50,"0.0","627221.jpg","0.1",NA,NA,0,FALSE,"",NA,NA,NA,NA,"Forward"
623,"Dan","Bentley",7,40,"0.0","79602.jpg","0.1",NA,NA,0,FALSE,"",NA,NA,NA,NA,"Goalkeeper"
42,"Evann","Guessand",8,55,"1.0","485337.jpg","0.0",NA,NA,0,FALSE,"",NA,NA,NA,NA,"Midfielder"
153,"Axel","Disasi",8,45,"0.5","220362.jpg","0.1",NA,NA,0,FALSE,"",NA,NA,NA,NA,"Defender"
198,"Dean","Henderson",8,50,"1.5","172649.jpg","1.8",100,100,0,FALSE,"","2026-08-20T14:00:08.018379Z",NA,NA,NA,"Goalkeeper"
199,"Walter","Benítez",8,45,"0.0","121709.jpg","0.1",NA,NA,0,FALSE,"",NA,NA,NA,NA,"Goalkeeper"
202,"Chris","Richards",8,50,"1.5","427623.jpg","0.7",NA,NA,0,FALSE,"",NA,NA,NA,NA,"Defender"
203,"Jaydee","Canvot",8,50,"0.5","651426.jpg","0.3",NA,NA,0,FALSE,"",NA,NA,NA,NA,"Defender"
204,"Tyrick","Mitchell",8,45,"0.5","244723.jpg","4.9",NA,NA,0,FALSE,"",NA,NA,NA,NA,"Defender"
205,"Borna","Sosa",8,45,"0.0","218364.jpg","0.0",NA,NA,0,FALSE,"",NA,NA,NA,NA,"Defender"
206,"Chadi","Riad Dnanou",8,44,"0.5","515621.jpg","0.0",0,0,0,FALSE,"Knee injury - Unknown return date","2026-08-22T18:00:07.352049Z",NA,NA,NA,"Defender"
207,"Oscar","Mingueza",8,44,"0.5","242313.jpg","0.1",NA,NA,0,FALSE,"",NA,NA,NA,NA,"Defender"
208,"Ismaïla","Sarr",8,63,"0.0","232185.jpg","1.5",0,0,0,FALSE,"Groin injury - Unknown return date","2026-08-22T18:00:07.363165Z",NA,NA,2,"Midfielder"
210,"Adam","Wharton",8,55,"3.0","496221.jpg","0.9",100,100,0,FALSE,"","2026-07-23T12:01:23.498963Z",2,NA,NA,"Midfielder"
211,"Yéremy","Pino Santos",8,55,"3.0","488024.jpg","0.2",NA,NA,0,FALSE,"",NA,1,1,NA,"Midfielder"
212,"Will","Hughes",8,45,"0.0","108413.jpg","9.8",NA,NA,0,FALSE,"",NA,4,NA,NA,"Midfielder"
213,"Jefferson","Lerma Solís",8,49,"0.0","152551.jpg","0.1",NA,NA,0,FALSE,"",NA,NA,NA,NA,"Midfielder"
214,"Daichi","Kamada",8,50,"2.5","209400.jpg","0.3",NA,NA,0,FALSE,"",NA,3,NA,NA,"Midfielder"
215,"Justin","Devenny",8,50,"0.0","489706.jpg","0.0",NA,NA,0,FALSE,"",NA,NA,2,3,"Midfielder"
216,"Romain","Esse",8,50,"0.0","606921.jpg","0.0",NA,NA,0,FALSE,"",NA,NA,NA,NA,"Midfielder"
217,"Matheus","França de Oliveira",8,49,"0.0","536694.jpg","0.0",NA,NA,0,FALSE,"",NA,NA,NA,NA,"Midfielder"
218,"Cheick","Doucouré",8,49,"0.0","438464.jpg","0.1",NA,NA,0,FALSE,"",NA,NA,NA,NA,"Midfielder"
219,"Jesurun","Rak-Sakyi",8,50,"0.0","450542.jpg","0.0",NA,NA,0,FALSE,"",NA,NA,NA,NA,"Midfielder"
220,"Rio","Cardines",8,45,"0.0","590014.jpg","0.0",0,0,0,FALSE,"Has joined Bristol City on loan for the rest of the season","2026-08-12T14:08:46.501813Z",NA,NA,NA,"Defender"
221,"Joél","Drakes-Thomas",8,45,"0.0","672492.jpg","0.1",NA,NA,0,FALSE,"",NA,NA,NA,NA,"Midfielder"
222,"Jørgen","Strand Larsen",8,60,"1.5","247412.jpg","0.5",NA,NA,0,FALSE,"",NA,NA,NA,NA,"Forward"
223,"Jean-Philippe","Mateta",8,64,"1.0","231747.jpg","3.1",0,NA,0,FALSE,"Hamstring injury - Expected back 11 Oct","2026-08-28T21:00:08.020382Z",NA,NA,1,"Forward"
224,"Eddie","Nketiah",8,55,"1.5","205533.jpg","0.5",NA,NA,0,FALSE,"",NA,NA,NA,NA,"Forward"
225,"Christantus","Uche",8,50,"0.0","660392.jpg","0.0",0,0,0,FALSE,"has returned to Getafe CF","2026-07-23T12:18:56.275922Z",NA,NA,NA,"Forward"
241,"Dwight","McNeil",8,55,"1.5","433154.jpg","0.2",NA,NA,0,FALSE,"",NA,NA,NA,NA,"Midfielder"
555,"Remi","Matthews",8,40,"0.0","169593.jpg","1.8",NA,NA,0,FALSE,"",NA,NA,NA,NA,"Goalkeeper"
577,"Takehiro","Tomiyasu",8,45,"1.0","223723.jpg","0.3",NA,NA,0,FALSE,"",NA,NA,NA,NA,"Defender"
588,"Anan","Khalaili",8,50,"1.5","570794.jpg","0.1",NA,NA,0,FALSE,"",NA,NA,NA,NA,"Defender"
595,"Zavier","Gozo",8,50,"0.5","559152.jpg","0.0",NA,NA,0,FALSE,"",NA,NA,NA,NA,"Midfielder"
21,"Christian","Nørgaard",9,49,"0.0","128295.jpg","0.1",0,0,0,FALSE,"Groin injury - Unknown return date","2026-08-15T20:00:06.779594Z",NA,NA,NA,"Midfielder"
209,"Brennan","Johnson",9,59,"1.0","242898.jpg","0.1",NA,NA,0,FALSE,"",NA,NA,NA,NA,"Midfielder"
226,"Jordan","Pickford",9,55,"5.0","111234.jpg","8.8",NA,NA,0,FALSE,"",NA,NA,NA,NA,"Goalkeeper"
227,"Mark","Travers",9,50,"0.0","229600.jpg","0.0",NA,NA,0,FALSE,"",NA,NA,NA,NA,"Goalkeeper"
228,"Tom","King",9,45,"0.0","138001.jpg","0.0",NA,NA,0,FALSE,"",NA,NA,NA,NA,"Goalkeeper"
229,"James","Tarkowski",9,60,"9.0","17761.jpg","10.3",NA,NA,1,TRUE,"",NA,NA,NA,NA,"Defender"
230,"Jarrad","Branthwaite",9,55,"5.0","480455.jpg","1.8",NA,NA,0,FALSE,"",NA,NA,NA,NA,"Defender"
231,"Michael","Keane",9,49,"0.0","106611.jpg","1.1",NA,NA,0,FALSE,"",NA,NA,NA,NA,"Defender"
232,"Jake","O'Brien",9,49,"0.0","512462.jpg","0.4",NA,NA,0,FALSE,"",NA,NA,NA,NA,"Defender"
233,"Vitalii","Mykolenko",9,45,"5.0","224967.jpg","1.7",NA,NA,0,FALSE,"",NA,NA,NA,NA,"Defender"
234,"Nathan","Patterson",9,45,"0.0","243571.jpg","0.0",NA,NA,0,FALSE,"",NA,NA,NA,NA,"Defender"
235,"Adam","Aznou",9,40,"0.0","499300.jpg","0.2",0,NA,0,FALSE,"Has joined Malaga on loan for the rest of the season","2026-09-01T13:23:16.934847Z",NA,NA,NA,"Defender"
236,"Kiernan","Dewsbury-Hall",9,65,"6.5","215413.jpg","4.4",NA,NA,0,FALSE,"",NA,2,NA,NA,"Midfielder"
237,"Iliman","Ndiaye",9,60,"6.5","440993.jpg","14.1",NA,NA,0,FALSE,"",NA,NA,NA,1,"Midfielder"
239,"James","Garner",9,60,"1.0","232928.jpg","0.1",100,100,0,FALSE,"","2026-07-25T14:30:10.455878Z",1,1,3,"Midfielder"
240,"Tim","Iroegbunam",9,50,"0.5","490094.jpg","0.0",100,0,0,FALSE,"","2026-08-15T20:00:06.878792Z",NA,NA,NA,"Midfielder"
242,"Tyrique","George",9,55,"2.5","550615.jpg","0.3",NA,NA,0,FALSE,"",NA,NA,NA,NA,"Midfielder"
243,"Carlos","Alcaraz Durán",9,50,"0.5","502697.jpg","0.1",NA,NA,0,FALSE,"",NA,NA,NA,NA,"Midfielder"
244,"Harrison","Armstrong",9,50,"5.0","609873.jpg","0.4",NA,NA,0,FALSE,"",NA,NA,NA,NA,"Midfielder"
245,"Tyler","Dibling",9,54,"0.0","496661.jpg","0.0",NA,NA,0,FALSE,"",NA,NA,NA,NA,"Midfielder"
246,"Merlin","Röhl",9,50,"2.5","513466.jpg","0.1",NA,NA,0,FALSE,"",NA,NA,NA,NA,"Midfielder"
247,"Hayden","Hackney",9,55,"2.0","244860.jpg","0.2",100,50,0,FALSE,"","2026-08-26T22:00:07.797766Z",3,NA,NA,"Midfielder"
248,"Norberto Bercique","Gomes Betuncal",9,54,"1.0","486385.jpg","2.0",NA,NA,0,FALSE,"",NA,NA,NA,4,"Forward"
249,"Thierno","Barry",9,55,"5.0","586309.jpg","4.3",NA,NA,0,FALSE,"",NA,NA,NA,2,"Forward"
250,"Bernd","Leno",10,45,"2.5","80201.jpg","3.1",NA,NA,0,FALSE,"",NA,NA,NA,NA,"Goalkeeper"
251,"Benjamin","Lecomte",10,40,"0.0","86873.jpg","1.2",NA,NA,0,FALSE,"",NA,NA,NA,NA,"Goalkeeper"
252,"Alfie","McNally",10,40,"0.0","505079.jpg","0.2",0,NA,0,FALSE,"Has joined York City on loan for the rest of the season","2026-09-01T13:25:11.231240Z",NA,NA,NA,"Goalkeeper"
253,"Joachim","Andersen",10,50,"0.5","174874.jpg","0.1",100,100,0,FALSE,"","2026-07-23T12:01:23.516350Z",NA,NA,NA,"Defender"
254,"Antonee","Robinson",10,45,"1.5","169528.jpg","1.6",NA,NA,0,FALSE,"",NA,NA,NA,2,"Defender"
255,"Jorge","Cuenca Barreno",10,45,"1.5","246301.jpg","0.0",NA,NA,0,FALSE,"",NA,NA,NA,NA,"Defender"
256,"Kenny","Tete",10,45,"0.0","167074.jpg","0.2",NA,NA,0,FALSE,"",NA,NA,NA,NA,"Defender"
257,"Calvin","Bassey",10,45,"1.0","232892.jpg","0.8",NA,NA,0,FALSE,"",NA,NA,NA,NA,"Defender"
258,"Timothy","Castagne",10,45,"6.0","166477.jpg","0.8",NA,NA,0,FALSE,"",NA,NA,NA,NA,"Defender"
261,"Alex","Iwobi",10,55,"2.0","153133.jpg","0.9",NA,NA,0,FALSE,"",NA,1,1,3,"Midfielder"
262,"Emile","Smith Rowe",10,55,"0.5","209289.jpg","0.3",NA,NA,0,FALSE,"",NA,NA,NA,NA,"Midfielder"
263,"Kevin","Santos Lopes de Macedo",10,55,"1.0","560552.jpg","0.0",NA,NA,0,FALSE,"",NA,3,NA,NA,"Midfielder"
264,"Oscar","Bobb",10,55,"2.5","477555.jpg","0.3",NA,NA,0,FALSE,"",NA,2,NA,NA,"Midfielder"
265,"Sander","Berge",10,50,"2.0","207189.jpg","0.4",NA,NA,0,FALSE,"",NA,NA,NA,NA,"Midfielder"
266,"Tom","Cairney",10,50,"0.0","76357.jpg","0.0",0,0,0,FALSE,"Knee injury - Expected back 10 Oct","2026-08-14T18:00:06.460944Z",NA,NA,NA,"Midfielder"
268,"Josh","King",10,55,"4.5","577725.jpg","0.7",NA,NA,0,FALSE,"",NA,NA,NA,NA,"Midfielder"
269,"Ryan","Sessegnon",10,45,"1.0","184349.jpg","0.4",NA,NA,0,FALSE,"",NA,NA,NA,NA,"Defender"
270,"Harrison","Reed",10,45,"0.0","153366.jpg","1.3",NA,NA,0,FALSE,"",NA,NA,NA,NA,"Midfielder"
271,"Rodrigo","Muniz Carvalho",10,55,"0.5","244042.jpg","0.5",NA,NA,0,FALSE,"",NA,NA,NA,NA,"Forward"
272,"Jonah","Kusi-Asare",10,45,"0.0","631786.jpg","6.7",NA,NA,0,FALSE,"",NA,NA,NA,NA,"Forward"
569,"Gonzalo","García",10,60,"4.0","551466.jpg","4.5",NA,NA,0,FALSE,"",NA,NA,NA,1,"Forward"
570,"César","Palacios",10,55,"1.5","571779.jpg","0.2",NA,NA,0,FALSE,"",NA,NA,NA,NA,"Midfielder"
580,"Shea","Charles",10,50,"1.0","463210.jpg","0.1",NA,NA,0,FALSE,"",NA,NA,NA,NA,"Midfielder"
610,"Luc","De Fougerolles",10,40,"0.0","547686.jpg","0.1",75,75,0,FALSE,"Unspecified injury - 75% chance of playing","2026-08-28T11:30:08.336405Z",NA,NA,NA,"Defender"
626,"Macauley","Zepa",10,45,"0.0","616069.jpg","0.2",NA,NA,0,FALSE,"",NA,NA,NA,NA,"Midfielder"
273,"Dillon","Phillips",11,40,"0.0","167825.jpg","1.5",NA,NA,0,FALSE,"",NA,NA,NA,NA,"Goalkeeper"
274,"Jack","Butland",11,45,"0.0","105666.jpg","0.1",0,0,0,FALSE,"Arm injury - Unknown return date","2026-08-08T19:00:05.601633Z",NA,NA,NA,"Goalkeeper"
275,"Harvey","Cartwright",11,40,"0.0","494950.jpg","0.0",0,0,0,FALSE,"Has joined Grimsby Town on loan for the rest of the season","2026-07-29T13:00:27.959925Z",NA,NA,NA,"Goalkeeper"
276,"Thimothée","Lo-Tutala",11,40,"0.0","444307.jpg","0.0",0,0,0,FALSE,"Has joined Colchester United on loan for the rest of the season","2026-08-17T13:50:27.125537Z",NA,NA,NA,"Goalkeeper"
277,"John","Egan",11,40,"8.5","108416.jpg","4.1",NA,NA,0,FALSE,"",NA,NA,NA,NA,"Defender"
278,"Charlie","Hughes",11,40,"0.0","501902.jpg","0.1",0,0,0,FALSE,"Groin injury - Unknown return date","2026-08-02T09:00:11.030017Z",NA,NA,NA,"Defender"
279,"Semi","Ajayi",11,41,"10.0","146426.jpg","7.5",100,100,1,TRUE,"","2026-08-22T17:30:07.668197Z",NA,NA,NA,"Defender"
280,"Lewie","Coyle",11,40,"3.0","193278.jpg","0.6",75,100,0,FALSE,"Unspecified injury - 75% chance of playing","2026-08-29T16:30:08.151841Z",NA,NA,NA,"Defender"
281,"Cody","Drameh",11,40,"1.0","433590.jpg","0.1",100,100,0,FALSE,"","2026-08-08T19:00:05.613036Z",NA,NA,NA,"Defender"
282,"Ryan","Giles",11,40,"6.0","232351.jpg","1.0",NA,NA,0,FALSE,"",NA,1,1,NA,"Defender"
283,"Matty","Jacob",11,40,"0.0","449428.jpg","0.0",0,0,0,FALSE,"Hip injury - Expected back 5 Sep","2026-08-02T09:00:11.038361Z",NA,NA,NA,"Defender"
284,"Cathal","McCarthy",11,40,"0.0","661800.jpg","0.1",NA,NA,0,FALSE,"",NA,NA,NA,NA,"Defender"
285,"Paddy","McNair",11,40,"0.5","160817.jpg","0.1",NA,NA,0,FALSE,"",NA,NA,NA,NA,"Defender"
286,"Mohamed","Belloumi",11,50,"4.5","540324.jpg","0.8",NA,NA,0,FALSE,"",NA,3,2,NA,"Midfielder"
287,"Liam","Millar",11,50,"3.0","232905.jpg","0.1",NA,NA,0,FALSE,"",NA,NA,NA,NA,"Midfielder"
288,"Kieran","Dowell",11,45,"0.0","171270.jpg","0.4",NA,NA,0,FALSE,"",NA,NA,NA,NA,"Midfielder"
289,"Matt","Crooks",11,45,"1.0","101282.jpg","0.6",75,NA,0,FALSE,"Thigh injury - 75% chance of playing","2026-08-29T15:00:08.569326Z",NA,NA,NA,"Midfielder"
290,"Regan","Slater",11,45,"4.0","243413.jpg","4.6",NA,NA,0,FALSE,"",NA,2,NA,NA,"Midfielder"
291,"Eliot","Matazo",11,45,"0.0","465525.jpg","0.0",0,0,0,FALSE,"Knee injury - Unknown return date","2026-07-23T12:01:23.532635Z",NA,NA,NA,"Midfielder"
292,"Abdülkadir","Ömür",11,50,"0.0","208481.jpg","0.0",NA,NA,0,FALSE,"",NA,NA,NA,NA,"Midfielder"
293,"Abu","Kamara",11,50,"0.0","490161.jpg","0.0",0,0,0,FALSE,"Has joined Portsmouth permanently","2026-08-12T14:08:23.542043Z",NA,NA,NA,"Midfielder"
294,"Óscar","Zambrano",11,45,"0.0","553783.jpg","0.1",0,0,0,FALSE,"Thigh injury - Unknown return date","2026-08-04T18:30:11.016909Z",NA,NA,NA,"Midfielder"
295,"Oli","McBurnie",11,55,"3.0","169432.jpg","2.1",NA,NA,0,FALSE,"",NA,NA,NA,1,"Forward"
296,"David","Akintola",11,50,"0.0","213292.jpg","0.0",NA,NA,0,FALSE,"",NA,NA,NA,NA,"Midfielder"
297,"Darko","Gyabi",11,45,"0.0","470294.jpg","0.0",0,0,0,FALSE,"Thigh injury - Unknown return date","2026-08-04T18:30:11.027155Z",NA,NA,NA,"Midfielder"
298,"Enis","Destan",11,45,"0.0","500957.jpg","0.3",0,0,0,FALSE,"Has joined Konyaspor permanently","2026-08-17T13:50:27.145733Z",NA,NA,NA,"Forward"
299,"Mason","Burstow",11,45,"0.0","534392.jpg","0.0",0,0,0,FALSE,"Has joined Sheffield Wednesday on loan for the rest of the season","2026-08-03T14:05:20.234842Z",NA,NA,NA,"Forward"
340,"Joe","Gelhardt",11,50,"0.0","462635.jpg","0.0",0,0,0,FALSE,"Ankle injury - Expected back 5 Sep","2026-08-17T21:30:07.799839Z",NA,NA,NA,"Midfielder"
556,"Matt","Targett",11,40,"0.5","169359.jpg","2.1",NA,NA,0,FALSE,"",NA,NA,NA,NA,"Defender"
563,"Hidemasa","Morita",11,50,"0.5","445028.jpg","0.0",100,100,0,FALSE,"","2026-08-15T16:00:07.961518Z",NA,NA,NA,"Midfielder"
572,"Konstantinos","Tzolakis",11,45,"10.0","473284.jpg","6.6",NA,NA,2,TRUE,"",NA,NA,NA,NA,"Goalkeeper"
574,"Jens","Hjertø-Dahl",11,50,"0.0","552946.jpg","0.1",NA,NA,0,FALSE,"",NA,NA,NA,NA,"Midfielder"
576,"Elliot","Stroud",11,50,"1.5","608227.jpg","0.1",NA,NA,0,FALSE,"",NA,NA,NA,NA,"Midfielder"
585,"Lucas","Herrington",11,40,"1.0","597462.jpg","0.6",NA,NA,0,FALSE,"",NA,NA,NA,NA,"Defender"
586,"Nobel","Mendy",11,40,"8.0","606930.jpg","5.3",100,100,1,FALSE,"","2026-08-22T17:30:08.045208Z",NA,NA,NA,"Defender"
589,"Lucas","Gourna-Douath",11,50,"0.5","469266.jpg","0.0",NA,NA,0,FALSE,"",NA,NA,NA,NA,"Midfielder"
617,"Mohamed-Ali","Cho",11,50,"1.0","490884.jpg","0.0",NA,NA,0,FALSE,"",NA,NA,NA,NA,"Midfielder"
259,"Issa","Diop",12,40,"2.0","219924.jpg","16.0",NA,NA,0,FALSE,"",NA,NA,NA,NA,"Defender"
267,"Saša","Lukić",12,50,"3.0","212314.jpg","0.1",NA,NA,0,FALSE,"",NA,4,NA,NA,"Midfielder"
300,"Christian","Walton",12,45,"0.0","108813.jpg","0.5",NA,NA,0,FALSE,"",NA,NA,NA,NA,"Goalkeeper"
301,"Alex","Palmer",12,40,"0.0","112520.jpg","4.3",NA,NA,0,FALSE,"",NA,NA,NA,NA,"Goalkeeper"
302,"David","Button",12,40,"0.0","50093.jpg","0.5",NA,NA,0,FALSE,"",NA,NA,NA,NA,"Goalkeeper"
303,"Cédric","Kipré",12,40,"0.0","183015.jpg","0.6",NA,NA,0,FALSE,"",NA,NA,NA,NA,"Defender"
304,"Dara","O'Shea",12,40,"2.0","216616.jpg","3.3",NA,NA,0,FALSE,"",NA,NA,NA,NA,"Defender"
305,"Leif","Davis",12,40,"4.0","455084.jpg","5.0",NA,NA,0,FALSE,"",NA,2,2,NA,"Defender"
306,"Jacob","Greaves",12,40,"0.5","449429.jpg","1.3",NA,NA,0,FALSE,"",NA,NA,NA,NA,"Defender"
307,"Ben","Johnson",12,40,"0.0","222018.jpg","0.1",NA,NA,0,FALSE,"",NA,NA,NA,NA,"Defender"
308,"Darnell","Furlong",12,40,"0.5","176420.jpg","0.6",NA,NA,0,FALSE,"",NA,NA,NA,NA,"Defender"
309,"Marcelino","Núñez",12,50,"3.0","501390.jpg","0.1",NA,NA,0,FALSE,"",NA,1,1,NA,"Midfielder"
310,"Azor","Matusiwa",12,50,"0.0","241117.jpg","0.0",0,0,0,FALSE,"Muscular injury - Unknown return date","2026-07-29T18:00:10.305484Z",NA,NA,NA,"Midfielder"
311,"Wes","Burns",12,50,"0.0","149929.jpg","0.0",0,0,0,FALSE,"Has joined Leicester City permanently","2026-08-10T14:02:47.597478Z",NA,NA,NA,"Midfielder"
312,"Jack","Taylor",12,45,"0.0","231899.jpg","0.0",0,0,0,FALSE,"Knee injury - Unknown return date","2026-07-29T18:00:10.319370Z",NA,NA,NA,"Midfielder"
313,"Jack","Clarke",12,55,"3.5","443261.jpg","0.3",NA,NA,0,FALSE,"",NA,3,3,1,"Midfielder"
314,"Chiedozie","Ogbene",12,49,"0.0","229164.jpg","0.0",NA,NA,0,FALSE,"",NA,NA,NA,NA,"Midfielder"
315,"Abdul","Fatawu",12,55,"3.0","531442.jpg","0.2",NA,NA,0,FALSE,"",NA,NA,NA,NA,"Midfielder"
316,"Emersonn","Correia da Silva",12,55,"5.0","543968.jpg","1.7",75,NA,0,FALSE,"Knee injury - 75% chance of playing","2026-08-31T09:30:08.306145Z",NA,NA,2,"Forward"
317,"George","Hirst",12,50,"0.0","222625.jpg","0.1",0,0,0,FALSE,"Has joined Stoke City permanently","2026-08-21T13:06:08.606019Z",NA,NA,NA,"Forward"
318,"Jaden","Philogene",12,54,"0.0","481624.jpg","0.1",0,0,0,FALSE,"Ankle injury - Unknown return date","2026-08-25T11:30:07.532993Z",5,NA,3,"Midfielder"
319,"Sam","Szmodics",12,50,"0.0","172453.jpg","0.0",0,0,0,FALSE,"Has joined Derby County on loan for the rest of the season","2026-08-17T13:51:41.713979Z",NA,NA,NA,"Midfielder"
320,"Chuba","Akpom",12,50,"3.0","147675.jpg","0.8",NA,NA,0,FALSE,"",NA,NA,NA,NA,"Forward"
321,"Sindre","Walle Egeli",12,45,"0.5","557012.jpg","3.1",NA,NA,0,FALSE,"",NA,NA,NA,NA,"Forward"
322,"Ali","Al-Hamadi",12,50,"0.0","462387.jpg","0.1",0,0,0,FALSE,"Has joined Sheffield Wednesday on loan for the rest of the season","2026-08-27T14:54:10.215357Z",NA,NA,NA,"Forward"
323,"Kasey","McAteer",12,45,"1.0","461587.jpg","1.3",NA,NA,0,FALSE,"",NA,NA,NA,NA,"Midfielder"
324,"Anis","Mehmeti",12,49,"0.0","232457.jpg","0.0",NA,NA,0,FALSE,"",NA,NA,NA,NA,"Midfielder"
554,"Kayne","van Oevelen",12,45,"0.0","546600.jpg","0.0",0,0,0,FALSE,"Has joined Valencia on loan for the rest of the season","2026-08-25T14:04:09.529320Z",NA,NA,NA,"Goalkeeper"
562,"Daizen","Maeda",12,55,"2.0","442967.jpg","0.3",NA,NA,0,FALSE,"",NA,NA,NA,NA,"Midfielder"
564,"Kjell","Scherpen",12,45,"2.0","240514.jpg","0.6",NA,NA,0,FALSE,"",NA,NA,NA,NA,"Goalkeeper"
571,"Florentino Ibrain","Morris Luís",12,50,"0.0","216055.jpg","0.1",75,75,0,FALSE,"Calf injury - 75% chance of playing","2026-08-25T11:30:07.678802Z",NA,NA,NA,"Midfielder"
591,"Julio","Enciso",12,55,"5.0","474120.jpg","0.6",100,100,0,FALSE,"","2026-08-22T18:00:07.551930Z",NA,NA,NA,"Midfielder"
592,"Abdoul","Ouattara",12,40,"1.0","572584.jpg","1.0",NA,NA,0,FALSE,"",NA,NA,NA,NA,"Defender"
602,"Cameron","Humphreys",12,45,"0.0","524180.jpg","0.0",NA,NA,0,FALSE,"",NA,NA,NA,NA,"Midfielder"
619,"Exequiel","Palacios",12,50,"1.0","218543.jpg","0.0",NA,NA,0,FALSE,"",NA,NA,NA,NA,"Midfielder"
260,"Harry","Wilson",13,64,"2.0","153682.jpg","4.5",NA,NA,0,FALSE,"",NA,2,NA,NA,"Midfielder"
326,"Lucas Estella","Perri",13,45,"0.0","201595.jpg","0.5",0,NA,0,FALSE,"Has joined Torino on loan for the rest of the season","2026-09-01T13:12:39.210133Z",NA,NA,NA,"Goalkeeper"
327,"Jaka","Bijol",13,50,"5.5","434752.jpg","1.0",NA,NA,0,FALSE,"",NA,NA,NA,NA,"Defender"
329,"Joe","Rodon",13,45,"3.5","214225.jpg","3.0",50,NA,0,FALSE,"Hamstring injury - 50% chance of playing","2026-08-30T16:00:08.564382Z",NA,NA,NA,"Defender"
330,"Jayden","Bogle",13,45,"4.0","226182.jpg","0.5",NA,NA,0,FALSE,"",NA,NA,NA,NA,"Defender"
331,"Gabriel","Gudmundsson",13,45,"0.0","243526.jpg","0.0",100,75,0,FALSE,"","2026-08-08T20:00:07.546568Z",NA,NA,NA,"Defender"
332,"James","Justin",13,45,"6.0","220627.jpg","1.4",NA,NA,0,FALSE,"",NA,NA,NA,NA,"Defender"
333,"Sebastiaan","Bornauw",13,45,"0.0","437738.jpg","0.0",0,0,0,FALSE,"Has joined Hamburg SV on loan for the rest of the season","2026-08-19T13:56:14.645970Z",NA,NA,NA,"Defender"
334,"Tarik","Muharemović",13,50,"5.0","522047.jpg","3.3",NA,NA,0,FALSE,"",NA,NA,NA,NA,"Defender"
335,"Anton","Stach",13,60,"8.5","466525.jpg","2.8",NA,NA,1,FALSE,"",NA,1,1,NA,"Midfielder"
336,"Noah","Okafor",13,59,"1.5","435997.jpg","0.3",NA,NA,0,FALSE,"",NA,NA,NA,NA,"Midfielder"
337,"Brenden","Aaronson",13,55,"2.0","427637.jpg","0.8",NA,NA,0,FALSE,"",NA,NA,3,NA,"Midfielder"
338,"Ethan","Ampadu",13,55,"3.5","199598.jpg","1.2",NA,NA,0,FALSE,"",NA,NA,NA,NA,"Midfielder"
339,"Sean","Longstaff",13,50,"0.5","180135.jpg","0.1",NA,NA,0,FALSE,"",NA,3,2,NA,"Midfielder"
341,"Wilfried","Gnonto",13,50,"0.0","492859.jpg","0.0",100,75,0,FALSE,"","2026-08-17T20:30:08.092366Z",NA,NA,NA,"Midfielder"
342,"Jack","Harrison",13,50,"0.0","221399.jpg","0.0",0,0,0,FALSE,"Has joined New England Revolution permanently","2026-07-28T12:59:09.492431Z",NA,NA,NA,"Midfielder"
343,"Daniel","James",13,50,"0.5","200617.jpg","0.1",NA,NA,0,FALSE,"",NA,NA,NA,NA,"Midfielder"
344,"Ilia","Gruev",13,50,"0.0","486520.jpg","0.0",25,0,0,FALSE,"Knee injury - 25% chance of playing","2026-08-14T23:00:06.272027Z",NA,NA,NA,"Midfielder"
345,"Tanaka","Ao",13,49,"0.5","248056.jpg","0.2",NA,NA,0,FALSE,"",NA,4,NA,NA,"Midfielder"
346,"Dominic","Calvert-Lewin",13,60,"4.5","177815.jpg","26.8",NA,NA,0,FALSE,"",NA,NA,NA,1,"Forward"
347,"Lukas","Nmecha",13,55,"2.0","174594.jpg","0.5",NA,NA,0,FALSE,"",NA,NA,NA,2,"Forward"
348,"Joël","Piroe",13,50,"0.0","235826.jpg","0.1",0,0,0,FALSE,"Has joined West Ham United on loan for the rest of the season","2026-08-19T13:56:14.666726Z",NA,NA,3,"Forward"
349,"Mateo","Joseph Fernández-Regatillo",13,45,"0.0","565297.jpg","0.1",0,0,0,FALSE,"Knee injury - Unknown return date","2026-07-29T18:00:10.338170Z",NA,NA,NA,"Forward"
385,"James","Trafford",13,50,"6.0","432720.jpg","5.0",NA,NA,0,FALSE,"",NA,NA,NA,NA,"Goalkeeper"
598,"Nico","Elvedi",13,45,"0.5","173774.jpg","0.0",NA,NA,0,FALSE,"",NA,NA,NA,NA,"Defender"
603,"Jayden","Lienou",13,40,"0.0","643970.jpg","0.1",NA,NA,0,FALSE,"",NA,NA,NA,NA,"Defender"
604,"Alfie","Cresswell",13,45,"0.0","592740.jpg","0.1",NA,NA,0,FALSE,"",NA,NA,NA,NA,"Midfielder"
625,"Alex","Cairns",13,40,"0.0","97846.jpg","0.2",NA,NA,0,FALSE,"",NA,NA,NA,NA,"Goalkeeper"
629,"Michael","Zetterer",13,40,"0.0","155465.jpg","0.1",NA,NA,0,FALSE,"",NA,NA,NA,NA,"Goalkeeper"
350,"Alisson","Becker",14,55,"1.0","116535.jpg","3.8",NA,NA,0,FALSE,"",NA,NA,NA,NA,"Goalkeeper"
351,"Giorgi","Mamardashvili",14,50,"0.0","449027.jpg","0.1",NA,NA,0,FALSE,"",NA,NA,NA,NA,"Goalkeeper"
352,"Freddie","Woodman",14,40,"0.0","155503.jpg","1.1",NA,NA,0,FALSE,"",NA,NA,NA,NA,"Goalkeeper"
353,"Armin","Pecsi",14,40,"0.0","586268.jpg","0.0",0,0,0,FALSE,"Has joined TSV Hartberg on loan for the rest of the season","2026-08-18T14:11:18.638344Z",NA,NA,NA,"Goalkeeper"
354,"Vitezslav","Jaros",14,40,"0.0","432987.jpg","0.0",0,0,0,FALSE,"Knee injury - Unknown return date","2026-07-29T18:00:10.351066Z",NA,NA,NA,"Goalkeeper"
355,"Harvey","Davies",14,40,"0.0","464353.jpg","0.1",NA,NA,0,FALSE,"",NA,NA,NA,NA,"Goalkeeper"
356,"Virgil","van Dijk",14,65,"1.5","97032.jpg","18.1",NA,NA,0,FALSE,"",NA,NA,NA,NA,"Defender"
357,"Jeremie","Frimpong",14,55,"0.5","216094.jpg","3.1",NA,NA,0,FALSE,"",NA,NA,NA,NA,"Defender"
358,"Milos","Kerkez",14,55,"0.5","544877.jpg","3.1",NA,NA,0,FALSE,"",NA,NA,NA,NA,"Defender"
359,"Joe","Gomez",14,50,"0.0","171287.jpg","0.0",0,0,0,FALSE,"Muscular injury - Unknown return date","2026-07-26T08:30:10.078473Z",NA,NA,NA,"Defender"
360,"Conor","Bradley",14,50,"0.0","492777.jpg","0.0",0,0,0,FALSE,"Knee injury - Unknown return date","2026-07-23T12:01:23.565711Z",NA,NA,NA,"Defender"
361,"Wellity","Lucky",14,40,"0.0","519440.jpg","0.1",NA,NA,0,FALSE,"",NA,NA,NA,NA,"Defender"
362,"Jeremy","Jacquet",14,50,"2.0","606702.jpg","2.5",100,100,0,FALSE,"","2026-07-23T12:01:23.581126Z",NA,NA,NA,"Defender"
363,"Giovanni","Leoni",14,40,"0.0","647681.jpg","0.0",0,0,0,FALSE,"Knee injury - Unknown return date","2026-07-23T12:01:23.596909Z",NA,NA,NA,"Defender"
364,"Kostas","Tsimikas",14,50,"0.5","214285.jpg","0.1",NA,NA,0,FALSE,"",NA,NA,NA,NA,"Defender"
365,"Calvin","Ramsay",14,40,"0.0","489580.jpg","0.1",0,0,0,FALSE,"Has joined St Mirren on loan for the rest of the season","2026-08-26T14:05:26.748768Z",NA,NA,NA,"Defender"
366,"Florian","Wirtz",14,75,"3.0","494595.jpg","10.2",NA,NA,0,FALSE,"",NA,3,2,4,"Midfielder"
367,"Cody","Gakpo",14,70,"8.5","243298.jpg","7.8",NA,NA,1,FALSE,"",NA,2,NA,3,"Midfielder"
368,"Dominik","Szoboszlai",14,70,"6.0","424876.jpg","41.6",NA,NA,0,FALSE,"",NA,1,1,1,"Midfielder"
369,"Rio","Ngumoha",14,59,"1.5","611922.jpg","0.9",NA,NA,0,FALSE,"",NA,NA,NA,NA,"Midfielder"
370,"Federico","Chiesa",14,54,"0.0","223541.jpg","0.1",0,0,0,FALSE,"Back injury - Unknown return date","2026-08-27T13:30:07.598926Z",NA,NA,NA,"Midfielder"
371,"Ryan","Gravenberch",14,60,"3.0","441266.jpg","1.7",NA,NA,0,FALSE,"",NA,NA,NA,NA,"Midfielder"
372,"Alexis","Mac Allister",14,55,"1.5","243016.jpg","1.5",NA,NA,0,FALSE,"",NA,NA,NA,5,"Midfielder"
373,"Curtis","Jones",14,55,"0.0","206915.jpg","0.0",0,75,0,FALSE,"Has joined Internazionale permanently","2026-08-16T18:30:07.426408Z",NA,NA,NA,"Midfielder"
374,"Endo","Wataru",14,50,"0.0","158983.jpg","0.1",100,100,0,FALSE,"","2026-07-23T12:01:23.612529Z",NA,NA,NA,"Midfielder"
375,"Trey","Nyoni",14,50,"0.5","591386.jpg","0.0",NA,NA,0,FALSE,"",NA,NA,NA,NA,"Midfielder"
376,"Stefan","Bajčetić Maquieira",14,50,"0.0","535928.jpg","0.0",0,0,0,FALSE,"Has joined Celta Vigo permanently","2026-07-23T12:01:23.628373Z",NA,NA,NA,"Midfielder"
377,"Victor","Munoz",14,65,"5.0","551499.jpg","1.1",NA,NA,0,FALSE,"",NA,NA,NA,NA,"Midfielder"
378,"James","McConnell",14,45,"0.0","491501.jpg","0.2",NA,NA,0,FALSE,"",NA,NA,NA,NA,"Midfielder"
379,"Alexander","Isak",14,90,"5.0","219168.jpg","16.4",NA,NA,0,FALSE,"",NA,NA,NA,2,"Forward"
380,"Hugo","Ekitiké",14,75,"0.0","510663.jpg","0.1",0,0,0,FALSE,"Achilles injury - Unknown return date","2026-07-23T12:01:23.643771Z",NA,NA,NA,"Forward"
381,"Lewis","Koumas",14,50,"0.5","514514.jpg","0.0",NA,NA,0,FALSE,"",NA,NA,NA,NA,"Midfielder"
382,"Jayden","Danns",14,45,"0.0","500058.jpg","0.0",0,0,0,FALSE,"Unspecified injury - Unknown return date","2026-07-23T12:01:23.659279Z",NA,NA,NA,"Forward"
383,"Harvey","Elliott",14,54,"0.0","444884.jpg","0.1",NA,NA,0,FALSE,"",NA,NA,NA,NA,"Midfielder"
579,"Ronald","Araujo",14,54,"0.5","445087.jpg","2.2",NA,NA,0,FALSE,"",NA,NA,NA,NA,"Defender"
627,"Bradley","Barcola",14,80,"0.0","482616.jpg","0.6",NA,NA,0,FALSE,"",NA,NA,NA,NA,"Midfielder"
238,"Jack","Grealish",15,65,"0.5","114283.jpg","0.2",100,100,0,FALSE,"","2026-07-29T10:00:10.492904Z",NA,NA,NA,"Midfielder"
384,"Gianluigi","Donnarumma",15,55,"1.5","204936.jpg","8.0",NA,NA,0,FALSE,"",NA,NA,NA,NA,"Goalkeeper"
386,"Marcus","Bettinelli",15,45,"0.0","122074.jpg","0.0",NA,NA,0,FALSE,"",NA,NA,NA,NA,"Goalkeeper"
387,"Nico","O'Reilly",15,65,"2.0","472769.jpg","19.2",NA,NA,0,FALSE,"",NA,NA,NA,NA,"Defender"
388,"Marc","Guéhi",15,60,"6.0","209036.jpg","19.0",NA,NA,0,FALSE,"",NA,NA,NA,NA,"Defender"
389,"Matheus","Nunes",15,60,"0.5","465351.jpg","1.1",75,75,0,FALSE,"Unspecified injury - 75% chance of playing","2026-08-27T11:30:08.171622Z",NA,NA,4,"Defender"
390,"Rúben","dos Santos Gato Alves Dias",15,55,"2.0","171314.jpg","1.8",NA,NA,0,FALSE,"",NA,NA,NA,NA,"Defender"
391,"Joško","Gvardiol",15,56,"7.0","477424.jpg","17.5",NA,NA,0,FALSE,"",NA,NA,NA,NA,"Defender"
392,"Rayan","Aït-Nouri",15,54,"0.0","448514.jpg","0.6",NA,NA,0,FALSE,"",NA,NA,NA,NA,"Defender"
393,"Abdukodir","Khusanov",15,55,"2.0","578153.jpg","1.6",NA,NA,0,FALSE,"",NA,NA,NA,NA,"Defender"
394,"Max","Alleyne",15,50,"0.0","494307.jpg","0.0",0,0,0,FALSE,"Has joined Burnley on loan for the rest of the season","2026-08-18T14:11:56.324656Z",NA,NA,NA,"Defender"
395,"Rico","Lewis",15,45,"0.5","477064.jpg","0.2",NA,NA,0,FALSE,"",NA,NA,NA,NA,"Defender"
396,"Vitor","de Oliveira Nunes dos Reis",15,45,"0.5","616222.jpg","0.0",NA,NA,0,FALSE,"",NA,NA,NA,NA,"Defender"
397,"Antoine","Semenyo",15,85,"3.5","437730.jpg","20.9",NA,NA,0,FALSE,"",NA,NA,NA,2,"Midfielder"
398,"Phil","Foden",15,70,"5.0","209244.jpg","4.9",NA,NA,0,FALSE,"",NA,3,2,NA,"Midfielder"
399,"Rayan","Cherki",15,77,"11.0","466052.jpg","24.4",NA,NA,1,TRUE,"",NA,1,1,NA,"Midfielder"
400,"Jérémy","Doku",15,74,"0.0","248875.jpg","1.0",0,0,0,FALSE,"Calf injury - Expected back 5 Sep","2026-08-18T17:00:08.385597Z",NA,NA,3,"Midfielder"
402,"Rodrigo 'Rodri'","Hernandez Cascante",15,65,"0.0","220566.jpg","0.0",0,0,0,FALSE,"Has joined Barcelona permanently","2026-07-23T12:01:23.675537Z",NA,NA,NA,"Midfielder"
404,"Tijjani","Reijnders",15,60,"0.0","433036.jpg","0.0",0,0,0,FALSE,"Has joined Al Qadsiah permanently","2026-08-20T14:02:58.154273Z",NA,NA,NA,"Midfielder"
406,"Mateo","Kovačić",15,55,"1.0","91651.jpg","0.1",NA,NA,0,FALSE,"",NA,NA,NA,NA,"Midfielder"
407,"Claudio","Echeverri",15,49,"0.0","575204.jpg","0.0",NA,NA,0,FALSE,"",NA,NA,NA,NA,"Midfielder"
408,"Kalvin","Phillips",15,50,"0.0","155405.jpg","0.0",0,0,0,FALSE,"Has joined Sheffield United on loan for the rest of the season","2026-08-18T14:11:56.348781Z",NA,NA,NA,"Midfielder"
409,"Divine","Mukasa",15,45,"0.0","590039.jpg","0.2",NA,NA,0,FALSE,"",NA,NA,NA,NA,"Midfielder"
410,"Jeremy","Monga",15,49,"0.0","649208.jpg","0.0",NA,NA,0,FALSE,"",NA,NA,NA,NA,"Midfielder"
411,"Erling","Haaland",15,155,"7.5","223094.jpg","70.6",NA,NA,1,FALSE,"",NA,NA,NA,1,"Forward"
481,"Elliot","Anderson",15,64,"2.5","215379.jpg","5.3",100,100,0,FALSE,"","2026-08-23T17:00:07.952697Z",2,NA,NA,"Midfielder"
587,"Gerónimo","Rulli",15,50,"0.0","106921.jpg","0.0",NA,NA,0,FALSE,"",NA,NA,NA,NA,"Goalkeeper"
616,"Ayyoub","Bouaddi",15,55,"1.0","637238.jpg","0.1",NA,NA,0,FALSE,"",NA,NA,NA,NA,"Midfielder"
621,"Ryan","McAidoo",15,45,"1.0","616288.jpg","0.1",NA,NA,0,FALSE,"",NA,NA,NA,NA,"Midfielder"
622,"Kaden","Braithwaite",15,40,"1.0","554054.jpg","0.1",NA,NA,0,FALSE,"",NA,NA,NA,NA,"Defender"
628,"Allan","Andrade Elias",15,60,"0.0","624777.jpg","0.0",NA,NA,0,FALSE,"",NA,NA,NA,NA,"Midfielder"
43,"Youri","Tielemans",16,60,"3.0","166989.jpg","2.1",100,100,0,FALSE,"","2026-07-23T12:01:23.321726Z",NA,NA,3,"Midfielder"
131,"Carlos","Baleba",16,50,"0.0","535301.jpg","0.2",0,0,0,FALSE,"Ankle injury - Expected back 19 Sep","2026-08-06T16:00:10.997714Z",NA,NA,NA,"Midfielder"
162,"Andrey","Nascimento dos Santos",16,50,"1.5","532605.jpg","0.9",NA,NA,0,FALSE,"",NA,NA,NA,NA,"Midfielder"
325,"Karl","Darlow",16,45,"0.0","59735.jpg","0.0",100,100,0,FALSE,"","2026-07-23T12:01:23.549136Z",NA,NA,NA,"Goalkeeper"
412,"Senne","Lammens",16,50,"1.5","465247.jpg","14.2",NA,NA,0,FALSE,"",NA,NA,NA,NA,"Goalkeeper"
413,"Altay","Bayındır",16,45,"0.0","451302.jpg","0.0",0,0,0,FALSE,"Has joined Celta Vigo on loan for the rest of the season","2026-08-10T14:02:28.608415Z",NA,NA,NA,"Goalkeeper"
414,"Tom","Heaton",16,40,"0.0","21205.jpg","0.1",0,0,0,FALSE,"Hamstring injury - Unknown return date","2026-08-15T16:00:07.854151Z",NA,NA,NA,"Goalkeeper"
415,"Patrick","Dorgu",16,59,"0.5","596777.jpg","0.9",NA,NA,0,FALSE,"",NA,NA,NA,NA,"Midfielder"
416,"Matthijs","de Ligt",16,50,"0.0","209365.jpg","0.0",0,0,0,FALSE,"Back injury - Unknown return date","2026-07-23T12:01:23.690880Z",NA,NA,NA,"Defender"
417,"Diogo","Dalot Teixeira",16,50,"1.5","216051.jpg","2.3",NA,NA,0,FALSE,"",NA,NA,NA,NA,"Defender"
418,"Harry","Maguire",16,50,"2.5","95658.jpg","15.2",NA,NA,0,FALSE,"",NA,NA,NA,NA,"Defender"
419,"Lisandro","Martínez",16,50,"0.5","221820.jpg","1.3",100,100,0,FALSE,"","2026-07-24T20:00:10.337107Z",NA,NA,NA,"Defender"
420,"Leny","Yoro",16,49,"0.5","550864.jpg","0.6",NA,NA,0,FALSE,"",NA,NA,NA,NA,"Defender"
421,"Ayden","Heaven",16,45,"0.5","606745.jpg","0.4",NA,NA,0,FALSE,"",NA,NA,NA,NA,"Defender"
422,"Noussair","Mazraoui",16,45,"1.0","230001.jpg","0.7",NA,NA,0,FALSE,"",NA,NA,NA,NA,"Defender"
423,"Luke","Shaw",16,45,"1.5","106760.jpg","17.1",NA,NA,0,FALSE,"",NA,3,NA,NA,"Defender"
424,"Harry","Amass",16,40,"0.0","577974.jpg","0.2",NA,NA,0,FALSE,"",NA,NA,NA,NA,"Defender"
425,"Tyler","Fredricson",16,40,"0.0","547676.jpg","0.0",0,0,0,FALSE,"Has joined Lausanne-Sport permanently","2026-08-18T14:12:31.904433Z",NA,NA,NA,"Defender"
426,"Bruno","Borges Fernandes",16,120,"12.5","141746.jpg","48.5",NA,NA,1,TRUE,"",NA,1,1,1,"Midfielder"
427,"Bryan","Mbeumo",16,80,"6.5","446008.jpg","30.4",NA,NA,0,FALSE,"",NA,2,2,2,"Midfielder"
428,"Matheus","Santos Carneiro da Cunha",16,80,"5.5","430871.jpg","8.3",NA,NA,0,FALSE,"",NA,NA,NA,NA,"Midfielder"
429,"Marcus","Rashford",16,70,"1.5","176297.jpg","1.6",NA,NA,0,FALSE,"",NA,NA,NA,NA,"Midfielder"
430,"Mason","Mount",16,55,"0.0","184341.jpg","0.0",75,75,0,FALSE,"Foot injury - 75% chance of playing","2026-08-15T16:00:07.879135Z",NA,3,NA,"Midfielder"
431,"Amad","Diallo",16,59,"0.0","493250.jpg","0.6",0,0,0,FALSE,"Unspecified injury - Unknown return date","2026-08-22T11:00:08.617283Z",4,NA,NA,"Midfielder"
432,"Kobbie","Mainoo",16,55,"2.5","516895.jpg","1.1",NA,NA,0,FALSE,"",NA,NA,NA,NA,"Midfielder"
433,"Manuel","Ugarte Ribeiro",16,50,"0.0","232112.jpg","0.0",0,0,0,FALSE,"Knee injury - Unknown return date","2026-07-23T12:01:23.706702Z",NA,NA,NA,"Midfielder"
434,"Jack","Fletcher",16,50,"0.0","547037.jpg","0.0",NA,NA,0,FALSE,"",NA,NA,NA,NA,"Midfielder"
435,"Shea","Lacey",16,50,"0.5","576628.jpg","0.1",NA,NA,0,FALSE,"",NA,NA,NA,NA,"Midfielder"
436,"Toby","Collyer",16,50,"0.0","490881.jpg","0.0",0,NA,0,FALSE,"Has joined West Brom permanently","2026-09-01T13:16:48.584385Z",NA,NA,NA,"Midfielder"
437,"Bendito","Mantato",16,45,"0.0","576620.jpg","0.2",NA,NA,0,FALSE,"",NA,NA,NA,NA,"Midfielder"
438,"Tyler","Fletcher",16,45,"0.0","519913.jpg","0.3",NA,NA,0,FALSE,"",NA,NA,NA,NA,"Midfielder"
439,"Benjamin","Sesko",16,70,"1.0","485711.jpg","1.6",100,100,0,FALSE,"","2026-07-23T12:01:23.722029Z",NA,NA,NA,"Forward"
440,"Joshua","Zirkzee",16,54,"0.0","458249.jpg","0.5",NA,NA,0,FALSE,"",NA,NA,NA,NA,"Forward"
441,"Chido","Obi",16,45,"0.0","596047.jpg","1.2",NA,NA,0,FALSE,"",NA,NA,NA,NA,"Forward"
405,"Nico","González Iglesias",17,55,"1.0","465694.jpg","0.2",NA,NA,0,FALSE,"",NA,NA,NA,NA,"Midfielder"
442,"Nick","Pope",17,50,"0.0","98747.jpg","1.2",NA,NA,0,FALSE,"",NA,NA,NA,NA,"Goalkeeper"
443,"Mark","Gillespie",17,45,"0.0","81441.jpg","0.0",NA,NA,0,FALSE,"",NA,NA,NA,NA,"Goalkeeper"
444,"Ewen","Jaouen",17,45,"0.0","554578.jpg","0.0",NA,NA,0,FALSE,"",NA,NA,NA,NA,"Goalkeeper"
445,"Malick","Thiaw",17,50,"4.5","465642.jpg","2.0",NA,NA,0,FALSE,"",NA,NA,NA,NA,"Defender"
446,"Fabian","Schär",17,50,"0.5","119471.jpg","0.2",100,100,0,FALSE,"","2026-08-15T16:30:07.209742Z",NA,2,NA,"Defender"
447,"Sven","Botman",17,50,"4.0","220237.jpg","0.6",NA,NA,0,FALSE,"",NA,NA,NA,NA,"Defender"
448,"Dan","Burn",17,49,"0.0","78916.jpg","1.2",0,0,0,FALSE,"Ankle injury - Expected back 14 Sep","2026-08-23T18:00:08.367241Z",NA,NA,NA,"Defender"
449,"Lewis","Hall",17,51,"7.0","487838.jpg","8.1",NA,NA,1,FALSE,"",NA,1,1,NA,"Defender"
450,"Tino","Livramento",17,49,"0.0","441191.jpg","0.0",0,0,0,FALSE,"Calf injury - Unknown return date","2026-07-23T12:01:23.753221Z",NA,NA,NA,"Defender"
451,"Alex","Murphy",17,40,"0.0","545477.jpg","0.1",0,0,0,FALSE,"Has joined FC Kaiserslautern on loan for the rest of the season","2026-08-12T14:05:29.224600Z",NA,NA,NA,"Defender"
453,"Harvey","Barnes",17,60,"2.5","201666.jpg","1.1",NA,NA,0,FALSE,"",NA,5,NA,NA,"Midfielder"
454,"Anthony","Elanga",17,61,"8.5","449434.jpg","7.7",NA,NA,0,FALSE,"",NA,4,NA,NA,"Midfielder"
456,"Jacob","Ramsey",17,50,"0.5","232653.jpg","0.3",NA,NA,0,FALSE,"",NA,NA,NA,NA,"Midfielder"
457,"Jacob","Murphy",17,59,"0.5","114243.jpg","0.1",NA,NA,0,FALSE,"",NA,2,NA,NA,"Midfielder"
458,"Joelinton Cássio","Apolinário de Lira",17,54,"0.0","180974.jpg","0.0",0,0,0,FALSE,"Unspecified injury - Unknown return date","2026-08-16T08:00:08.074045Z",NA,NA,NA,"Midfielder"
459,"Lewis","Miley",17,55,"3.0","547719.jpg","0.1",100,100,0,FALSE,"","2026-07-23T12:01:23.785456Z",3,NA,NA,"Midfielder"
460,"Joe","Willock",17,50,"4.5","200089.jpg","0.4",NA,NA,0,FALSE,"",NA,NA,NA,NA,"Midfielder"
461,"Bazoumana","Touré",17,59,"0.5","611665.jpg","0.2",NA,NA,0,FALSE,"",NA,NA,NA,NA,"Midfielder"
462,"Sean","Steur",17,50,"1.0","636852.jpg","0.1",NA,NA,0,FALSE,"",NA,NA,NA,NA,"Midfielder"
463,"Nick","Woltemade",17,59,"2.0","470313.jpg","1.3",NA,NA,0,FALSE,"",NA,NA,NA,1,"Forward"
464,"Yoane","Wissa",17,61,"6.0","216646.jpg","10.6",NA,NA,0,FALSE,"",NA,NA,NA,3,"Forward"
465,"William","Osula",17,60,"2.0","538207.jpg","0.6",0,0,0,FALSE,"Foot injury - Unknown return date","2026-08-25T19:00:08.004915Z",NA,NA,2,"Forward"
466,"Sean","Neave",17,45,"0.0","599303.jpg","0.8",NA,NA,0,FALSE,"",NA,NA,NA,NA,"Forward"
559,"Aladji","Bamba",17,50,"0.5","632794.jpg","0.1",NA,NA,0,FALSE,"",NA,NA,NA,NA,"Midfielder"
567,"Lukás","Hornícek",17,50,"4.0","470551.jpg","1.0",NA,NA,0,FALSE,"",NA,NA,NA,NA,"Goalkeeper"
593,"Amar","Dedic",17,45,"6.0","463726.jpg","1.9",NA,NA,1,FALSE,"",NA,NA,NA,NA,"Defender"
609,"Leo","Shahar",17,40,"0.0","553746.jpg","0.3",NA,NA,0,FALSE,"",NA,NA,NA,NA,"Defender"
167,"Liam","Delap",18,55,"0.5","463034.jpg","0.7",NA,NA,0,FALSE,"",NA,NA,NA,3,"Forward"
201,"Daniel","Muñoz Mejía",18,54,"0.0","247348.jpg","6.9",NA,NA,0,FALSE,"",NA,NA,NA,NA,"Defender"
467,"Matz","Sels",18,50,"1.5","85633.jpg","1.4",NA,NA,0,FALSE,"",NA,NA,NA,NA,"Goalkeeper"
468,"John Victor","Maciel Furtado",18,45,"0.0","221389.jpg","0.1",NA,NA,0,FALSE,"",NA,NA,NA,NA,"Goalkeeper"
469,"Neco","Williams",18,50,"4.0","215136.jpg","8.5",NA,NA,0,FALSE,"",NA,2,2,NA,"Defender"
470,"Felipe","Rodrigues da Silva",18,50,"0.0","485047.jpg","0.0",NA,NA,0,FALSE,"",NA,NA,NA,NA,"Defender"
471,"Nikola","Milenković",18,55,"2.5","227444.jpg","1.7",NA,NA,0,FALSE,"",NA,NA,NA,NA,"Defender"
472,"Murillo","Costa dos Santos",18,55,"2.5","575476.jpg","1.6",100,100,0,FALSE,"","2026-07-23T12:01:23.801183Z",NA,3,NA,"Defender"
473,"Ola","Aina",18,45,"2.5","159506.jpg","3.2",NA,NA,0,FALSE,"",NA,NA,NA,NA,"Defender"
474,"Jair","Paula da Cunha Filho",18,45,"1.0","575458.jpg","0.2",NA,NA,0,FALSE,"",NA,NA,NA,NA,"Defender"
475,"Nicolò","Savona",18,45,"0.0","500151.jpg","0.0",0,0,0,FALSE,"Knee injury - Unknown return date","2026-07-23T12:01:23.816304Z",NA,NA,NA,"Defender"
476,"Omar","Richards",18,40,"0.0","204822.jpg","0.2",NA,NA,0,FALSE,"",NA,NA,NA,NA,"Defender"
477,"Zach","Abbott",18,40,"0.0","549067.jpg","0.3",NA,NA,0,FALSE,"",NA,NA,NA,NA,"Defender"
478,"Luca","Netz",18,45,"1.0","470315.jpg","0.0",NA,NA,0,FALSE,"",NA,NA,NA,NA,"Defender"
479,"Tyler","Bindon",18,40,"0.0","538638.jpg","0.2",0,NA,0,FALSE,"Has joined Charlton Athletic on loan for the rest of the season","2026-09-01T13:16:05.383880Z",NA,NA,NA,"Defender"
480,"Morgan","Gibbs-White",18,79,"7.5","222531.jpg","9.2",100,100,1,FALSE,"","2026-08-24T15:30:08.350159Z",NA,1,1,"Midfielder"
482,"Callum","Hudson-Odoi",18,59,"0.5","209046.jpg","0.2",100,100,0,FALSE,"","2026-07-23T12:01:23.832709Z",NA,4,NA,"Midfielder"
483,"Dan","Ndoye",18,55,"6.0","456512.jpg","0.6",NA,NA,0,FALSE,"",NA,NA,NA,NA,"Midfielder"
484,"Omari","Hutchinson",18,54,"0.0","503301.jpg","0.1",0,NA,0,FALSE,"Has joined AC Milan on loan for the rest of the season","2026-09-01T13:23:52.340206Z",NA,NA,NA,"Midfielder"
485,"Dilane","Bakwa",18,55,"0.0","476887.jpg","0.0",0,0,0,FALSE,"Has joined Lille on loan for the rest of the season","2026-08-27T14:53:03.381941Z",NA,NA,NA,"Midfielder"
486,"James","McAtee",18,55,"2.5","432714.jpg","0.1",NA,NA,0,FALSE,"",NA,1,NA,NA,"Midfielder"
487,"Nicolás","Domínguez",18,50,"0.5","250199.jpg","0.1",NA,NA,0,FALSE,"",NA,NA,NA,NA,"Midfielder"
488,"Ibrahim","Sangaré",18,50,"1.0","210462.jpg","0.7",0,0,0,FALSE,"Calf injury - Unknown return date","2026-08-28T09:30:07.471668Z",NA,NA,NA,"Midfielder"
489,"Ryan","Yates",18,45,"0.0","204968.jpg","1.5",100,100,0,FALSE,"","2026-08-17T20:30:08.195072Z",NA,NA,NA,"Midfielder"
490,"Chris","Wood",18,59,"0.5","60689.jpg","1.3",NA,NA,0,FALSE,"",NA,NA,NA,2,"Forward"
491,"Igor Jesus","Maciel da Cruz",18,59,"1.5","482973.jpg","3.2",NA,NA,0,FALSE,"",NA,NA,NA,4,"Forward"
493,"Arnaud","Kalimuendo",18,55,"0.5","465680.jpg","0.0",NA,NA,0,FALSE,"",NA,NA,NA,NA,"Forward"
558,"Xaver","Schlager",18,50,"2.5","204561.jpg","0.1",NA,NA,0,FALSE,"",NA,3,NA,NA,"Midfielder"
581,"Ousmane","Diomande",18,55,"0.0","568420.jpg","0.6",NA,NA,0,FALSE,"",NA,NA,NA,NA,"Defender"
590,"Steven","Benda",18,45,"0.0","428971.jpg","0.1",NA,NA,0,FALSE,"",NA,NA,NA,NA,"Goalkeeper"
112,"Jan Paul","van Hecke",19,50,"1.0","469142.jpg","8.0",NA,NA,0,FALSE,"",NA,NA,NA,NA,"Defender"
401,"Omar","Marmoush",19,70,"1.0","438234.jpg","2.0",NA,NA,0,FALSE,"",NA,NA,NA,2,"Forward"
403,"Sávio","Moreira de Oliveira",19,65,"0.0","510281.jpg","0.8",75,NA,0,FALSE,"Muscular injury - 75% chance of playing","2026-08-29T16:30:08.380416Z",NA,NA,NA,"Midfielder"
455,"Sandro","Tonali",19,54,"2.0","432422.jpg","3.1",NA,NA,0,FALSE,"",NA,NA,5,NA,"Midfielder"
494,"Guglielmo","Vicario",19,45,"0.0","184254.jpg","0.2",0,0,0,FALSE,"Has joined Juventus on loan for the rest of the season","2026-08-19T13:55:33.193962Z",NA,NA,NA,"Goalkeeper"
495,"Brandon","Austin",19,40,"0.0","214572.jpg","0.9",NA,NA,0,FALSE,"",NA,NA,NA,NA,"Goalkeeper"
496,"Antonín","Kinský",19,45,"1.5","485055.jpg","20.4",NA,NA,0,FALSE,"",NA,NA,NA,NA,"Goalkeeper"
497,"Martin","Dubravka",19,40,"0.0","67089.jpg","18.2",NA,NA,0,FALSE,"",NA,NA,NA,NA,"Goalkeeper"
498,"Marcos","Senesi Barón",19,59,"1.5","221466.jpg","6.1",NA,NA,0,FALSE,"",NA,NA,NA,NA,"Defender"
499,"Pedro","Porro Sauceda",19,55,"0.5","441164.jpg","12.2",100,100,0,FALSE,"","2026-08-21T15:22:48.149081Z",3,1,NA,"Defender"
500,"Cristian","Romero",19,50,"0.0","221632.jpg","0.1",0,0,0,FALSE,"Has joined Atletico Madrid permanently","2026-08-17T13:49:05.465401Z",NA,NA,NA,"Defender"
501,"Kevin","Danso",19,50,"0.0","135720.jpg","0.2",NA,NA,0,FALSE,"",NA,NA,NA,NA,"Defender"
502,"Andrew","Robertson",19,45,"2.5","122798.jpg","3.4",NA,NA,0,FALSE,"",NA,1,NA,NA,"Defender"
503,"Micky","van de Ven",19,50,"0.0","491279.jpg","3.9",100,100,0,FALSE,"","2026-08-21T15:00:07.610517Z",NA,NA,NA,"Defender"
505,"Djed","Spence",19,45,"0.0","232859.jpg","0.4",0,0,0,FALSE,"Has joined Internazionale permanently","2026-08-18T14:13:08.454214Z",NA,NA,NA,"Defender"
506,"Destiny","Udogie",19,45,"1.0","487053.jpg","0.4",NA,NA,0,FALSE,"",NA,NA,NA,NA,"Defender"
507,"Ashley","Phillips",19,45,"0.0","548308.jpg","0.0",0,0,0,FALSE,"Has joined Middlesbrough permanently","2026-08-18T14:13:08.474144Z",NA,NA,NA,"Defender"
508,"Ben","Davies",19,40,"0.0","115556.jpg","1.0",NA,NA,0,FALSE,"",NA,NA,NA,NA,"Defender"
509,"Jun'ai","Byfield",19,40,"0.0","640419.jpg","0.1",NA,NA,0,FALSE,"",NA,NA,NA,NA,"Defender"
510,"James","Rowswell",19,40,"0.0","499716.jpg","0.1",NA,NA,0,FALSE,"",NA,NA,NA,NA,"Defender"
511,"João Victor","de Souza Menezes",19,40,"0.0","616221.jpg","0.3",0,NA,0,FALSE,"Has joined FC Porto on loan for the rest of the season","2026-09-01T13:24:26.858636Z",NA,NA,NA,"Defender"
512,"Mohammed","Kudus",19,65,"0.5","460842.jpg","0.1",100,75,0,FALSE,"","2026-07-23T12:01:23.848657Z",NA,3,3,"Midfielder"
513,"Xavi","Simons",19,60,"0.0","493362.jpg","0.0",0,0,0,FALSE,"Knee injury - Unknown return date","2026-07-23T12:01:23.864304Z",NA,2,4,"Midfielder"
514,"Mathys","Tel",19,59,"2.0","511499.jpg","0.4",NA,NA,0,FALSE,"",NA,NA,4,NA,"Midfielder"
515,"James","Maddison",19,64,"0.5","172780.jpg","0.7",75,75,0,FALSE,"Shoulder injury - 75% chance of playing","2026-08-25T14:30:07.623508Z",NA,NA,NA,"Midfielder"
516,"Rodrigo","Bentancur",19,55,"1.5","202993.jpg","0.2",NA,NA,0,FALSE,"",NA,NA,NA,NA,"Midfielder"
517,"Wilson","Odobert",19,55,"0.0","550839.jpg","0.0",0,0,0,FALSE,"Knee injury - Unknown return date","2026-07-23T12:01:23.879434Z",NA,NA,NA,"Midfielder"
518,"Pape Matar","Sarr",19,49,"0.0","482442.jpg","0.2",100,0,0,FALSE,"","2026-08-21T14:30:08.419690Z",NA,NA,NA,"Midfielder"
519,"Conor","Gallagher",19,54,"0.0","232787.jpg","0.2",NA,NA,0,FALSE,"",NA,NA,NA,NA,"Midfielder"
520,"Lucas","Bergvall",19,55,"0.5","570526.jpg","0.2",NA,NA,0,FALSE,"",NA,NA,NA,NA,"Midfielder"
521,"Dejan","Kulusevski",19,65,"0.0","445044.jpg","0.0",0,0,0,FALSE,"Knee injury - Unknown return date","2026-07-23T12:01:23.895175Z",NA,NA,NA,"Midfielder"
522,"Archie","Gray",19,50,"2.0","547701.jpg","0.2",NA,NA,0,FALSE,"",NA,NA,NA,NA,"Midfielder"
523,"Mikey","Moore",19,50,"1.5","499721.jpg","0.2",NA,NA,0,FALSE,"",NA,NA,NA,NA,"Midfielder"
524,"Callum","Olusesi",19,45,"0.0","499726.jpg","0.7",NA,NA,0,FALSE,"",NA,NA,NA,NA,"Midfielder"
525,"Mateus","Fernandes",19,59,"1.5","551226.jpg","1.3",NA,NA,0,FALSE,"",NA,2,NA,NA,"Midfielder"
526,"Dominic","Solanke-Mitchell",19,59,"1.0","154566.jpg","1.1",NA,NA,0,FALSE,"",NA,NA,NA,1,"Forward"
527,"Richarlison","de Andrade",19,59,"1.0","212319.jpg","2.1",NA,NA,0,FALSE,"",NA,NA,NA,5,"Forward"
528,"Dane","Scarlett",19,45,"0.0","490145.jpg","2.0",NA,NA,0,FALSE,"",NA,NA,NA,NA,"Forward"
601,"Luca","Williams-Barnett",19,45,"0.0","611917.jpg","0.1",NA,NA,0,FALSE,"",NA,NA,NA,NA,"Midfielder"
529,"Robin","Roefs",20,50,"3.5","498016.jpg","3.5",NA,NA,0,FALSE,"",NA,NA,NA,NA,"Goalkeeper"
530,"Anthony","Patterson",20,40,"0.0","232571.jpg","0.1",0,0,0,FALSE,"Has joined Wrexham permanently","2026-08-12T14:08:03.064533Z",NA,NA,NA,"Goalkeeper"
531,"Melker","Ellborg",20,45,"0.0","515046.jpg","0.1",NA,NA,0,FALSE,"",NA,NA,NA,NA,"Goalkeeper"
532,"Daniel","Ballard",20,50,"4.0","223827.jpg","4.4",NA,NA,0,FALSE,"",NA,NA,NA,NA,"Defender"
533,"Nordi","Mukiele",20,55,"4.5","200834.jpg","2.4",100,100,0,FALSE,"","2026-08-09T08:30:05.954750Z",NA,NA,NA,"Defender"
534,"Trai","Hume",20,45,"4.0","487676.jpg","5.7",NA,NA,0,FALSE,"",NA,3,NA,NA,"Defender"
535,"Omar","Alderete",20,50,"0.5","201895.jpg","0.4",100,100,0,FALSE,"","2026-08-09T08:30:05.962393Z",NA,NA,NA,"Defender"
536,"Reinildo","Mandava",20,45,"3.5","434399.jpg","0.4",NA,NA,0,FALSE,"",NA,NA,NA,NA,"Defender"
537,"Jenson","Seelt",20,45,"0.0","519634.jpg","0.0",0,NA,0,FALSE,"Has joined Swansea City on loan for the rest of the season","2026-08-29T00:34:52.425076Z",NA,NA,NA,"Defender"
538,"Leo Fuhr","Hjelde",20,40,"0.0","477547.jpg","0.0",0,0,0,FALSE,"Has joined KV Mechelen on loan for the rest of the season","2026-08-12T14:08:03.081789Z",NA,NA,NA,"Defender"
539,"Luke","O'Nien",20,40,"0.5","167512.jpg","3.1",NA,NA,0,FALSE,"",NA,NA,NA,NA,"Defender"
540,"Arthur","Masuaku",20,40,"0.0","105717.jpg","0.2",0,0,0,FALSE,"Has joined Konyaspor permanently","2026-08-12T14:08:03.097784Z",NA,NA,NA,"Defender"
541,"Thomas","Meunier",20,45,"3.5","93605.jpg","0.3",100,100,0,FALSE,"","2026-08-16T08:30:07.830062Z",NA,NA,NA,"Defender"
542,"Enzo","Le Fée",20,59,"2.5","484420.jpg","6.7",NA,NA,0,FALSE,"",NA,1,2,2,"Midfielder"
543,"Habib","Diarra",20,55,"2.5","547027.jpg","0.1",75,NA,0,FALSE,"Unspecified injury - 75% chance of playing","2026-08-30T16:30:08.428960Z",NA,NA,1,"Midfielder"
544,"Granit","Xhaka",20,55,"7.5","84450.jpg","4.6",NA,NA,0,FALSE,"",NA,2,1,NA,"Midfielder"
545,"Noah","Sadiki",20,50,"2.5","577669.jpg","0.3",NA,NA,0,FALSE,"",NA,NA,NA,NA,"Midfielder"
546,"Simon","Adingra",20,49,"0.0","535818.jpg","0.0",0,0,0,FALSE,"Ankle injury - Unknown return date","2026-08-20T14:00:08.416985Z",NA,NA,NA,"Midfielder"
547,"Romaine","Mundle",20,50,"0.5","461199.jpg","0.0",NA,NA,0,FALSE,"",NA,NA,NA,NA,"Midfielder"
548,"Chris","Rigg",20,50,"1.0","554197.jpg","0.1",NA,NA,0,FALSE,"",NA,NA,NA,NA,"Midfielder"
549,"Chemsdine","Talbi",20,54,"0.5","549912.jpg","0.2",NA,NA,0,FALSE,"",NA,NA,NA,NA,"Midfielder"
550,"Djiamgone Jocelin Ta","Bi",20,50,"0.0","699989.jpg","0.0",NA,NA,0,FALSE,"",NA,NA,NA,NA,"Midfielder"
551,"Nilson","Angulo",20,50,"4.0","536661.jpg","0.1",NA,NA,0,FALSE,"",NA,NA,3,NA,"Midfielder"
552,"Brian","Brobbey",20,59,"2.0","441264.jpg","10.3",NA,NA,0,FALSE,"",NA,NA,NA,NA,"Forward"
553,"Wilson","Isidor",20,55,"4.5","437505.jpg","1.0",NA,NA,0,FALSE,"",NA,NA,NA,NA,"Forward"
612,"Dayann","Méthalie",20,45,"0.0","638411.jpg","0.0",100,0,0,FALSE,"","2026-08-28T13:00:08.950445Z",NA,NA,NA,"Defender"
613,"Jules","Ahoka",20,45,"0.0","696104.jpg","0.2",NA,NA,0,FALSE,"",NA,NA,NA,NA,"Midfielder"
