"","full_name","position","gameweek","predicted_points","model_name"
"1...1","Aaron, Anselmino","Defender",5,1.8561898716762,"model_goals_conceded_lag-defensive_contribution_lag"
"2...2","Aaron, Hickey","Defender",5,3.34842752493732,"model_goals_conceded_lag-defensive_contribution_lag"
"3...3","Abdoul, Ouattara","Defender",5,2.7328747761806,"model_goals_conceded_lag-defensive_contribution_lag"
"4...4","Abdukodir, Khusanov","Defender",5,2.57231006040531,"model_goals_conceded_lag-defensive_contribution_lag"
"5...5","Adam, Aznou","Defender",5,2.79540231328519,"model_goals_conceded_lag-defensive_contribution_lag"
"6...6","Adam, Smith","Defender",5,3.08464045102758,"model_goals_conceded_lag-defensive_contribution_lag"
"7...7","Adrien, Truffert","Defender",5,3.81812729823719,"model_goals_conceded_lag-defensive_contribution_lag"
"8...8","Alex, Murphy","Defender",5,1.83081693542587,"model_goals_conceded_lag-defensive_contribution_lag"
"9...9","Amar, Dedic","Defender",5,3.54425671789674,"model_goals_conceded_lag-defensive_contribution_lag"
"10...10","Anan, Khalaili","Defender",5,3.96683178464009,"model_goals_conceded_lag-defensive_contribution_lag"
"11...11","Andrew, Robertson","Defender",5,2.50353051123616,"model_goals_conceded_lag-defensive_contribution_lag"
"12...12","Andrés, García","Defender",5,2.40069797946251,"model_goals_conceded_lag-defensive_contribution_lag"
"13...13","Antonee, Robinson","Defender",5,2.99789333044552,"model_goals_conceded_lag-defensive_contribution_lag"
"14...14","António João, Pereira de Albuquerque Tavares da Silva","Defender",5,3.59925550942864,"model_goals_conceded_lag-defensive_contribution_lag"
"15...15","Arthur, Masuaku","Defender",5,1.24063754238896,"model_goals_conceded_lag-defensive_contribution_lag"
"16...16","Ashley, Phillips","Defender",5,1.93362905228305,"model_goals_conceded_lag-defensive_contribution_lag"
"17...17","Aurèle, Amenda","Defender",5,3.75463589435059,"model_goals_conceded_lag-defensive_contribution_lag"
"18...18","Axel, Disasi","Defender",5,3.48232053318722,"model_goals_conceded_lag-defensive_contribution_lag"
"19...19","Ayden, Heaven","Defender",5,1.2507867168891,"model_goals_conceded_lag-defensive_contribution_lag"
"20...20","Bafodé, Diakité","Defender",5,2.18999915849808,"model_goals_conceded_lag-defensive_contribution_lag"
"21...21","Ben, Davies","Defender",5,1.93362905228305,"model_goals_conceded_lag-defensive_contribution_lag"
"22...22","Ben, Johnson","Defender",5,2.54410679432022,"model_goals_conceded_lag-defensive_contribution_lag"
"23...23","Benjamin, White","Defender",5,3.08613752035266,"model_goals_conceded_lag-defensive_contribution_lag"
"24...24","Benoît, Badiashile Mukinayi","Defender",5,1.8561898716762,"model_goals_conceded_lag-defensive_contribution_lag"
"25...25","Bobby, Thomas","Defender",5,4.18745825862339,"model_goals_conceded_lag-defensive_contribution_lag"
"26...26","Borna, Sosa","Defender",5,2.29788586260533,"model_goals_conceded_lag-defensive_contribution_lag"
"27...27","Calvin, Bassey","Defender",5,2.95339947000941,"model_goals_conceded_lag-defensive_contribution_lag"
"28...28","Calvin, Ramsay","Defender",5,2.90328901739244,"model_goals_conceded_lag-defensive_contribution_lag"
"29...29","Cathal, McCarthy","Defender",5,1.8561898716762,"model_goals_conceded_lag-defensive_contribution_lag"
"30...30","Chadi, Riad Dnanou","Defender",5,2.29788586260533,"model_goals_conceded_lag-defensive_contribution_lag"
"31...31","Charlie, Hughes","Defender",5,1.8561898716762,"model_goals_conceded_lag-defensive_contribution_lag"
"32...32","Chris, Richards","Defender",5,3.88996030385615,"model_goals_conceded_lag-defensive_contribution_lag"
"33...33","Cody, Drameh","Defender",5,1.90428124548429,"model_goals_conceded_lag-defensive_contribution_lag"
"34...34","Conor, Bradley","Defender",5,2.90328901739244,"model_goals_conceded_lag-defensive_contribution_lag"
"35...35","Cristhian, Mosquera","Defender",5,2.76029044381198,"model_goals_conceded_lag-defensive_contribution_lag"
"36...36","Cristian, Romero","Defender",5,1.93362905228305,"model_goals_conceded_lag-defensive_contribution_lag"
"37...37","Cédric, Kipré","Defender",5,2.54410679432022,"model_goals_conceded_lag-defensive_contribution_lag"
"38...38","Dan, Burn","Defender",5,1.83081693542587,"model_goals_conceded_lag-defensive_contribution_lag"
"39...39","Daniel, Ballard","Defender",5,2.66428394680745,"model_goals_conceded_lag-defensive_contribution_lag"
"40...40","Daniel, Muñoz Mejía","Defender",5,3.63866436542171,"model_goals_conceded_lag-defensive_contribution_lag"
"41...41","Dara, O'Shea","Defender",5,3.71650378958232,"model_goals_conceded_lag-defensive_contribution_lag"
"42...42","Darnell, Furlong","Defender",5,2.59219816812831,"model_goals_conceded_lag-defensive_contribution_lag"
"43...43","Destiny, Udogie","Defender",5,2.22217729513159,"model_goals_conceded_lag-defensive_contribution_lag"
"44...44","Diego, Coppola","Defender",5,3.03654865775002,"model_goals_conceded_lag-defensive_contribution_lag"
"45...45","Diogo, Dalot Teixeira","Defender",5,1.91451854529025,"model_goals_conceded_lag-defensive_contribution_lag"
"46...46","Djed, Spence","Defender",5,1.93362905228305,"model_goals_conceded_lag-defensive_contribution_lag"
"47...47","Ethan, Pinnock","Defender",5,3.98789773664707,"model_goals_conceded_lag-defensive_contribution_lag"
"48...48","Ezri, Konsa Ngoyo","Defender",5,3.35669819634128,"model_goals_conceded_lag-defensive_contribution_lag"
"49...49","Fabian, Schär","Defender",5,1.83081693542587,"model_goals_conceded_lag-defensive_contribution_lag"
"50...50","Felipe, Rodrigues da Silva","Defender",5,2.8931398428923,"model_goals_conceded_lag-defensive_contribution_lag"
"51...51","Ferdi, Kadıoğlu","Defender",5,3.51026736908695,"model_goals_conceded_lag-defensive_contribution_lag"
"52...52","Gabriel, Gudmundsson","Defender",5,3.00907569692225,"model_goals_conceded_lag-defensive_contribution_lag"
"53...53","Gabriel, dos Santos Magalhães","Defender",5,3.87491076811432,"model_goals_conceded_lag-defensive_contribution_lag"
"54...54","Giovanni, Leoni","Defender",5,2.90328901739244,"model_goals_conceded_lag-defensive_contribution_lag"
"55...55","Harry, Amass","Defender",5,1.2507867168891,"model_goals_conceded_lag-defensive_contribution_lag"
"56...56","Harry, Maguire","Defender",5,2.09968901377864,"model_goals_conceded_lag-defensive_contribution_lag"
"57...57","Ian, Maatsen","Defender",5,3.59108254158452,"model_goals_conceded_lag-defensive_contribution_lag"
"58...58","Igor Julio, dos Santos de Paulo","Defender",5,3.03654865775002,"model_goals_conceded_lag-defensive_contribution_lag"
"59...59","Issa, Diop","Defender",5,3.72369881632628,"model_goals_conceded_lag-defensive_contribution_lag"
"60...60","Jacob, Greaves","Defender",5,3.43874808684973,"model_goals_conceded_lag-defensive_contribution_lag"
"61...61","Jair, Paula da Cunha Filho","Defender",5,3.32596220716511,"model_goals_conceded_lag-defensive_contribution_lag"
"62...62","Jaka, Bijol","Defender",5,2.54255201232929,"model_goals_conceded_lag-defensive_contribution_lag"
"63...63","Jake, Bidwell","Defender",5,1.80544399917554,"model_goals_conceded_lag-defensive_contribution_lag"
"64...64","Jake, O'Brien","Defender",5,2.88798754752938,"model_goals_conceded_lag-defensive_contribution_lag"
"65...65","James, Hill","Defender",5,3.59565799605666,"model_goals_conceded_lag-defensive_contribution_lag"
"66...66","James, Justin","Defender",5,3.34336293541075,"model_goals_conceded_lag-defensive_contribution_lag"
"67...67","James, Rowswell","Defender",5,1.93362905228305,"model_goals_conceded_lag-defensive_contribution_lag"
"68...68","James, Tarkowski","Defender",5,4.2574547943601,"model_goals_conceded_lag-defensive_contribution_lag"
"69...69","Jan Paul, van Hecke","Defender",5,3.32960259268997,"model_goals_conceded_lag-defensive_contribution_lag"
"70...70","Jannik, Schuster","Defender",5,3.76326232235021,"model_goals_conceded_lag-defensive_contribution_lag"
"71...71","Jarrad, Branthwaite","Defender",5,3.82103491671531,"model_goals_conceded_lag-defensive_contribution_lag"
"72...72","Jay, Dasilva","Defender",5,3.58025796597814,"model_goals_conceded_lag-defensive_contribution_lag"
"73...73","Jaydee, Canvot","Defender",5,2.34597723641342,"model_goals_conceded_lag-defensive_contribution_lag"
"74...74","Jayden, Bogle","Defender",5,4.0706834340722,"model_goals_conceded_lag-defensive_contribution_lag"
"75...75","Jayden, Lienou","Defender",5,2.44636926471311,"model_goals_conceded_lag-defensive_contribution_lag"
"76...76","Jenson, Seelt","Defender",5,1.24063754238896,"model_goals_conceded_lag-defensive_contribution_lag"
"77...77","Jeremie, Frimpong","Defender",5,3.17744720675304,"model_goals_conceded_lag-defensive_contribution_lag"
"78...78","Jeremy, Jacquet","Defender",5,3.94331167431049,"model_goals_conceded_lag-defensive_contribution_lag"
"79...79","Joachim, Andersen","Defender",5,2.26080896986393,"model_goals_conceded_lag-defensive_contribution_lag"
"80...80","Joe, Gomez","Defender",5,2.90328901739244,"model_goals_conceded_lag-defensive_contribution_lag"
"81...81","Joe, Rodon","Defender",5,2.4944606385212,"model_goals_conceded_lag-defensive_contribution_lag"
"82...82","Joel, Latibeaudiere","Defender",5,1.80544399917554,"model_goals_conceded_lag-defensive_contribution_lag"
"83...83","John, Egan","Defender",5,3.876244028624,"model_goals_conceded_lag-defensive_contribution_lag"
"84...84","Jorge, Cuenca Barreno","Defender",5,2.16462622224775,"model_goals_conceded_lag-defensive_contribution_lag"
"85...85","Jorrel, Hato","Defender",5,2.90589782574592,"model_goals_conceded_lag-defensive_contribution_lag"
"86...86","Josh, Acheampong","Defender",5,1.95237261929238,"model_goals_conceded_lag-defensive_contribution_lag"
"87...87","João Pedro, Loureiro da Costa","Defender",5,3.1772252658023,"model_goals_conceded_lag-defensive_contribution_lag"
"88...88","João Victor, de Souza Menezes","Defender",5,1.93362905228305,"model_goals_conceded_lag-defensive_contribution_lag"
"89...89","Joško, Gvardiol","Defender",5,3.70132043819558,"model_goals_conceded_lag-defensive_contribution_lag"
"90...90","Juanlu, Sánchez","Defender",5,2.18999915849808,"model_goals_conceded_lag-defensive_contribution_lag"
"91...91","Julio, Soler Barreto","Defender",5,2.18999915849808,"model_goals_conceded_lag-defensive_contribution_lag"
"92...92","Julián, Araujo Zúñiga","Defender",5,2.18999915849808,"model_goals_conceded_lag-defensive_contribution_lag"
"93...93","Jun'ai, Byfield","Defender",5,1.93362905228305,"model_goals_conceded_lag-defensive_contribution_lag"
"94...94","Jurriën, Timber","Defender",5,2.65331515607985,"model_goals_conceded_lag-defensive_contribution_lag"
"95...95","Kaine, Kesler-Hayden","Defender",5,1.80544399917554,"model_goals_conceded_lag-defensive_contribution_lag"
"96...96","Kenny, Tete","Defender",5,2.29810780355607,"model_goals_conceded_lag-defensive_contribution_lag"
"97...97","Kevin, Danso","Defender",5,2.14247386166243,"model_goals_conceded_lag-defensive_contribution_lag"
"98...98","Kim, Ji-soo","Defender",5,2.31310962435553,"model_goals_conceded_lag-defensive_contribution_lag"
"99...99","Kosta, Nedeljkovic","Defender",5,2.40069797946251,"model_goals_conceded_lag-defensive_contribution_lag"
"100...100","Kostas, Tsimikas","Defender",5,3.13295334631694,"model_goals_conceded_lag-defensive_contribution_lag"
"101...101","Kristoffer, Ajer","Defender",5,3.5816893672338,"model_goals_conceded_lag-defensive_contribution_lag"
"102...102","Leif, Davis","Defender",5,4.22260012126709,"model_goals_conceded_lag-defensive_contribution_lag"
"103...103","Leny, Yoro","Defender",5,1.34696946450527,"model_goals_conceded_lag-defensive_contribution_lag"
"104...104","Leo Fuhr, Hjelde","Defender",5,1.24063754238896,"model_goals_conceded_lag-defensive_contribution_lag"
"105...105","Leo, Shahar","Defender",5,1.83081693542587,"model_goals_conceded_lag-defensive_contribution_lag"
"106...106","Levi, Samuels Colwill","Defender",5,2.7989225380138,"model_goals_conceded_lag-defensive_contribution_lag"
"107...107","Lewie, Coyle","Defender",5,2.90589782574592,"model_goals_conceded_lag-defensive_contribution_lag"
"108...108","Lewis, Dunk","Defender",5,4.07297380129609,"model_goals_conceded_lag-defensive_contribution_lag"
"109...109","Lewis, Hall","Defender",5,3.9783242173734,"model_goals_conceded_lag-defensive_contribution_lag"
"110...110","Liam, Kitching","Defender",5,1.80544399917554,"model_goals_conceded_lag-defensive_contribution_lag"
"111...111","Lisandro, Martínez","Defender",5,2.09609150040666,"model_goals_conceded_lag-defensive_contribution_lag"
"112...112","Luc, De Fougerolles","Defender",5,2.16462622224775,"model_goals_conceded_lag-defensive_contribution_lag"
"113...113","Luca, Netz","Defender",5,2.94123121670039,"model_goals_conceded_lag-defensive_contribution_lag"
"114...114","Lucas, Digne","Defender",5,2.40069797946251,"model_goals_conceded_lag-defensive_contribution_lag"
"115...115","Lucas, Herrington","Defender",5,2.33475123158896,"model_goals_conceded_lag-defensive_contribution_lag"
"116...116","Luka, Vušković","Defender",5,4.30263813022059,"model_goals_conceded_lag-defensive_contribution_lag"
"117...117","Luke, O'Nien","Defender",5,1.24063754238896,"model_goals_conceded_lag-defensive_contribution_lag"
"118...118","Luke, Shaw","Defender",5,1.53933495973763,"model_goals_conceded_lag-defensive_contribution_lag"
"119...119","Luke, Woolfenden","Defender",5,1.80544399917554,"model_goals_conceded_lag-defensive_contribution_lag"
"120...120","Malick, Thiaw","Defender",5,3.81606252908922,"model_goals_conceded_lag-defensive_contribution_lag"
"121...121","Malo, Gusto","Defender",5,2.80252005138578,"model_goals_conceded_lag-defensive_contribution_lag"
"122...122","Mamadou, Sarr","Defender",5,1.8561898716762,"model_goals_conceded_lag-defensive_contribution_lag"
"123...123","Marc, Guéhi","Defender",5,3.31658944773086,"model_goals_conceded_lag-defensive_contribution_lag"
"124...124","Marco, Palestra","Defender",5,1.8561898716762,"model_goals_conceded_lag-defensive_contribution_lag"
"125...125","Marcos, Senesi Barón","Defender",5,1.93362905228305,"model_goals_conceded_lag-defensive_contribution_lag"
"126...126","Matheus, Nunes","Defender",5,3.15792527281867,"model_goals_conceded_lag-defensive_contribution_lag"
"127...127","Mats, Wieffer","Defender",5,3.03654865775002,"model_goals_conceded_lag-defensive_contribution_lag"
"128...128","Matt, Targett","Defender",5,1.8561898716762,"model_goals_conceded_lag-defensive_contribution_lag"
"129...129","Matteo, Ruggeri","Defender",5,2.4487893532706,"model_goals_conceded_lag-defensive_contribution_lag"
"130...130","Matthijs, de Ligt","Defender",5,1.2507867168891,"model_goals_conceded_lag-defensive_contribution_lag"
"131...131","Matty, Cash","Defender",5,2.78542896992723,"model_goals_conceded_lag-defensive_contribution_lag"
"132...132","Matty, Jacob","Defender",5,1.8561898716762,"model_goals_conceded_lag-defensive_contribution_lag"
"133...133","Max, Alleyne","Defender",5,2.23567044374868,"model_goals_conceded_lag-defensive_contribution_lag"
"134...134","Maxence, Lacroix","Defender",5,2.18203694821688,"model_goals_conceded_lag-defensive_contribution_lag"
"135...135","Maxim, De Cuyper","Defender",5,3.80241312530746,"model_goals_conceded_lag-defensive_contribution_lag"
"136...136","Michael, Kayode","Defender",5,2.54996898002399,"model_goals_conceded_lag-defensive_contribution_lag"
"137...137","Michael, Keane","Defender",5,2.79540231328519,"model_goals_conceded_lag-defensive_contribution_lag"
"138...138","Michael, Svoboda","Defender",5,3.03654865775002,"model_goals_conceded_lag-defensive_contribution_lag"
"139...139","Micky, van de Ven","Defender",5,2.92196282202104,"model_goals_conceded_lag-defensive_contribution_lag"
"140...140","Miguel, Brau","Defender",5,1.80544399917554,"model_goals_conceded_lag-defensive_contribution_lag"
"141...141","Milan, van Ewijk","Defender",5,3.80632478153066,"model_goals_conceded_lag-defensive_contribution_lag"
"142...142","Milos, Kerkez","Defender",5,3.37341021535738,"model_goals_conceded_lag-defensive_contribution_lag"
"143...143","Murillo, Costa dos Santos","Defender",5,4.43823015329932,"model_goals_conceded_lag-defensive_contribution_lag"
"144...144","Nathan, Collins","Defender",5,2.50547511958789,"model_goals_conceded_lag-defensive_contribution_lag"
"145...145","Nathan, Patterson","Defender",5,2.79540231328519,"model_goals_conceded_lag-defensive_contribution_lag"
"146...146","Neco, Williams","Defender",5,4.03778540937435,"model_goals_conceded_lag-defensive_contribution_lag"
"147...147","Nico, Elvedi","Defender",5,3.47324700334709,"model_goals_conceded_lag-defensive_contribution_lag"
"148...148","Nico, O'Reilly","Defender",5,2.37994456517295,"model_goals_conceded_lag-defensive_contribution_lag"
"149...149","Nicolò, Savona","Defender",5,2.8931398428923,"model_goals_conceded_lag-defensive_contribution_lag"
"150...150","Nikola, Milenković","Defender",5,3.3740535809732,"model_goals_conceded_lag-defensive_contribution_lag"
"151...151","Nobel, Mendy","Defender",5,2.93835401086223,"model_goals_conceded_lag-defensive_contribution_lag"
"152...152","Nordi, Mukiele","Defender",5,2.71237532061554,"model_goals_conceded_lag-defensive_contribution_lag"
"153...153","Noussair, Mazraoui","Defender",5,1.34696946450527,"model_goals_conceded_lag-defensive_contribution_lag"
"154...154","Ola, Aina","Defender",5,3.68315822585781,"model_goals_conceded_lag-defensive_contribution_lag"
"155...155","Olivier, Boscagli","Defender",5,3.77363301833161,"model_goals_conceded_lag-defensive_contribution_lag"
"156...156","Omar, Alderete","Defender",5,1.24063754238896,"model_goals_conceded_lag-defensive_contribution_lag"
"157...157","Omar, Richards","Defender",5,2.8931398428923,"model_goals_conceded_lag-defensive_contribution_lag"
"158...158","Oscar, Mingueza","Defender",5,2.39406861022151,"model_goals_conceded_lag-defensive_contribution_lag"
"159...159","Ousmane, Diomande","Defender",5,4.04630413609064,"model_goals_conceded_lag-defensive_contribution_lag"
"160...160","Paddy, McNair","Defender",5,1.8561898716762,"model_goals_conceded_lag-defensive_contribution_lag"
"161...161","Pascal, Struijk","Defender",5,3.31070684711062,"model_goals_conceded_lag-defensive_contribution_lag"
"162...162","Pau, Torres","Defender",5,2.54497210088678,"model_goals_conceded_lag-defensive_contribution_lag"
"163...163","Pedro, Porro Sauceda","Defender",5,2.31836004274777,"model_goals_conceded_lag-defensive_contribution_lag"
"164...164","Pep, Chavarría","Defender",5,2.04495785353658,"model_goals_conceded_lag-defensive_contribution_lag"
"165...165","Piero, Hincapié","Defender",5,2.51983357477153,"model_goals_conceded_lag-defensive_contribution_lag"
"166...166","Rayan, Aït-Nouri","Defender",5,2.23567044374868,"model_goals_conceded_lag-defensive_contribution_lag"
"167...167","Reece, James","Defender",5,2.75802619094967,"model_goals_conceded_lag-defensive_contribution_lag"
"168...168","Reinildo, Mandava","Defender",5,2.42022956439502,"model_goals_conceded_lag-defensive_contribution_lag"
"169...169","Riccardo, Calafiori","Defender",5,3.56345374506157,"model_goals_conceded_lag-defensive_contribution_lag"
"170...170","Rico, Henry","Defender",5,2.36120099816362,"model_goals_conceded_lag-defensive_contribution_lag"
"171...171","Rico, Lewis","Defender",5,2.23567044374868,"model_goals_conceded_lag-defensive_contribution_lag"
"172...172","Rio, Cardines","Defender",5,2.29788586260533,"model_goals_conceded_lag-defensive_contribution_lag"
"173...173","Ronald, Araujo","Defender",5,3.75454369245012,"model_goals_conceded_lag-defensive_contribution_lag"
"174...174","Ryan, Giles","Defender",5,3.61287837937933,"model_goals_conceded_lag-defensive_contribution_lag"
"175...175","Ryan, Sessegnon","Defender",5,2.26080896986393,"model_goals_conceded_lag-defensive_contribution_lag"
"176...176","Rúben, dos Santos Gato Alves Dias","Defender",5,3.22040670011468,"model_goals_conceded_lag-defensive_contribution_lag"
"177...177","Sebastiaan, Bornauw","Defender",5,2.44636926471311,"model_goals_conceded_lag-defensive_contribution_lag"
"178...178","Semi, Ajayi","Defender",5,3.14635469478637,"model_goals_conceded_lag-defensive_contribution_lag"
"179...179","Sepp, van den Berg","Defender",5,2.31310962435553,"model_goals_conceded_lag-defensive_contribution_lag"
"180...180","Sven, Botman","Defender",5,4.13111706551395,"model_goals_conceded_lag-defensive_contribution_lag"
"181...181","Takehiro, Tomiyasu","Defender",5,3.14803329469873,"model_goals_conceded_lag-defensive_contribution_lag"
"182...182","Tarik, Muharemović","Defender",5,3.94696571468402,"model_goals_conceded_lag-defensive_contribution_lag"
"183...183","Thomas, Meunier","Defender",5,2.10033237939446,"model_goals_conceded_lag-defensive_contribution_lag"
"184...184","Timothy, Castagne","Defender",5,3.01228338393345,"model_goals_conceded_lag-defensive_contribution_lag"
"185...185","Tino, Livramento","Defender",5,2.44645739001894,"model_goals_conceded_lag-defensive_contribution_lag"
"186...186","Tosin, Adarabioyo","Defender",5,2.15969586783557,"model_goals_conceded_lag-defensive_contribution_lag"
"187...187","Trai, Hume","Defender",5,1.57727715904559,"model_goals_conceded_lag-defensive_contribution_lag"
"188...188","Trevoh, Chalobah","Defender",5,1.8561898716762,"model_goals_conceded_lag-defensive_contribution_lag"
"189...189","Triston, Rowe","Defender",5,2.40069797946251,"model_goals_conceded_lag-defensive_contribution_lag"
"190...190","Tyler, Bindon","Defender",5,2.8931398428923,"model_goals_conceded_lag-defensive_contribution_lag"
"191...191","Tyler, Fredricson","Defender",5,1.2507867168891,"model_goals_conceded_lag-defensive_contribution_lag"
"192...192","Tyrick, Mitchell","Defender",5,3.69142846007564,"model_goals_conceded_lag-defensive_contribution_lag"
"193...193","Tyrone, Mings","Defender",5,3.49130228059635,"model_goals_conceded_lag-defensive_contribution_lag"
"194...194","Veljko, Milosavljevic","Defender",5,2.18999915849808,"model_goals_conceded_lag-defensive_contribution_lag"
"195...195","Victor, Lindelöf","Defender",5,3.5020948207123,"model_goals_conceded_lag-defensive_contribution_lag"
"196...196","Virgil, van Dijk","Defender",5,4.06959822887485,"model_goals_conceded_lag-defensive_contribution_lag"
"197...197","Vitalii, Mykolenko","Defender",5,4.0542967590118,"model_goals_conceded_lag-defensive_contribution_lag"
"198...198","Vitor, de Oliveira Nunes dos Reis","Defender",5,2.28376181755677,"model_goals_conceded_lag-defensive_contribution_lag"
"199...199","Wellity, Lucky","Defender",5,2.90328901739244,"model_goals_conceded_lag-defensive_contribution_lag"
"200...200","Wesley, Fofana","Defender",5,2.89510528562998,"model_goals_conceded_lag-defensive_contribution_lag"
"201...201","William, Saliba","Defender",5,2.47174220096344,"model_goals_conceded_lag-defensive_contribution_lag"
"202...202","Zach, Abbott","Defender",5,2.8931398428923,"model_goals_conceded_lag-defensive_contribution_lag"
"1...203","Alexander, Isak","Forward",5,4.67686490060255,"model_yellow_cards_lag-tackles_lag"
"2...204","Ali, Al-Hamadi","Forward",5,2.81219721977691,"model_yellow_cards_lag-tackles_lag"
"3...205","Arnaud, Kalimuendo","Forward",5,3.18067933182938,"model_yellow_cards_lag-tackles_lag"
"4...206","Benjamin, Sesko","Forward",5,1.59331650253016,"model_yellow_cards_lag-tackles_lag"
"5...207","Brandon, Thomas-Asante","Forward",5,1.45538734724573,"model_yellow_cards_lag-tackles_lag"
"6...208","Brian, Brobbey","Forward",5,3.5904885614751,"model_yellow_cards_lag-tackles_lag"
"7...209","Brian, Madjo","Forward",5,2.16319422466824,"model_yellow_cards_lag-tackles_lag"
"8...210","Callum, Wilson","Forward",5,2.71237364707548,"model_yellow_cards_lag-tackles_lag"
"9...211","Charalampos, Kostoulas","Forward",5,5.3905897798196,"model_yellow_cards_lag-tackles_lag"
"10...212","Chido, Obi","Forward",5,1.19800833003895,"model_yellow_cards_lag-tackles_lag"
"11...213","Chris, Wood","Forward",5,3.29362452396972,"model_yellow_cards_lag-tackles_lag"
"12...214","Christantus, Uche","Forward",5,2.30345466619634,"model_yellow_cards_lag-tackles_lag"
"13...215","Chuba, Akpom","Forward",5,3.09456020012778,"model_yellow_cards_lag-tackles_lag"
"14...216","Dane, Scarlett","Forward",5,1.63899876540509,"model_yellow_cards_lag-tackles_lag"
"15...217","Daniel, Jebbison","Forward",5,2.40152977421502,"model_yellow_cards_lag-tackles_lag"
"16...218","Danny, Welbeck","Forward",5,2.38549404697152,"model_yellow_cards_lag-tackles_lag"
"17...219","Dominic, Calvert-Lewin","Forward",5,6.43152802646238,"model_yellow_cards_lag-tackles_lag"
"18...220","Dominic, Solanke-Mitchell","Forward",5,1.86488914968578,"model_yellow_cards_lag-tackles_lag"
"19...221","Eddie, Nketiah","Forward",5,2.64229024261738,"model_yellow_cards_lag-tackles_lag"
"20...222","Ellis, Simms","Forward",5,1.34244215510538,"model_yellow_cards_lag-tackles_lag"
"21...223","Emersonn, Correia da Silva","Forward",5,3.65928616082951,"model_yellow_cards_lag-tackles_lag"
"22...224","Emmanuel, Emegha","Forward",5,2.27254885483117,"model_yellow_cards_lag-tackles_lag"
"23...225","Enes, Ünal","Forward",5,2.34505717814485,"model_yellow_cards_lag-tackles_lag"
"24...226","Enis, Destan","Forward",5,2.27254885483117,"model_yellow_cards_lag-tackles_lag"
"25...227","Erling, Haaland","Forward",5,4.98362902253658,"model_yellow_cards_lag-tackles_lag"
"26...228","Evan, Ferguson","Forward",5,3.82968232693805,"model_yellow_cards_lag-tackles_lag"
"27...229","Francisco Evanilson, de Lima Barbosa","Forward",5,3.02272833098693,"model_yellow_cards_lag-tackles_lag"
"28...230","Gabriel, Fernando de Jesus","Forward",5,3.54440523878259,"model_yellow_cards_lag-tackles_lag"
"29...231","George, Hirst","Forward",5,2.81219721977691,"model_yellow_cards_lag-tackles_lag"
"30...232","Georginio, Rutter","Forward",5,3.82968232693805,"model_yellow_cards_lag-tackles_lag"
"31...233","Gonzalo, García","Forward",5,2.1906031066679,"model_yellow_cards_lag-tackles_lag"
"32...234","Haji, Wright","Forward",5,1.28596955903521,"model_yellow_cards_lag-tackles_lag"
"33...235","Hugo, Ekitiké","Forward",5,3.37799519098857,"model_yellow_cards_lag-tackles_lag"
"34...236","Igor Jesus, Maciel da Cruz","Forward",5,3.68893269646093,"model_yellow_cards_lag-tackles_lag"
"35...237","Igor Thiago, Nascimento Rodrigues","Forward",5,5.18922454553048,"model_yellow_cards_lag-tackles_lag"
"36...238","Jahnoah, Markelo","Forward",5,1.28596955903521,"model_yellow_cards_lag-tackles_lag"
"37...239","Jayden, Danns","Forward",5,3.37799519098857,"model_yellow_cards_lag-tackles_lag"
"38...240","Jean-Philippe, Mateta","Forward",5,2.30345466619634,"model_yellow_cards_lag-tackles_lag"
"39...241","Jonah, Kusi-Asare","Forward",5,1.85176753024687,"model_yellow_cards_lag-tackles_lag"
"40...242","Joshua, Zirkzee","Forward",5,1.25448092610912,"model_yellow_cards_lag-tackles_lag"
"41...243","João Pedro, Junqueira de Jesus","Forward",5,3.51494596837498,"model_yellow_cards_lag-tackles_lag"
"42...244","Joël, Piroe","Forward",5,3.05111559088461,"model_yellow_cards_lag-tackles_lag"
"43...245","Jørgen, Strand Larsen","Forward",5,3.52552654265686,"model_yellow_cards_lag-tackles_lag"
"44...246","Kai, Havertz","Forward",5,6.47303690579897,"model_yellow_cards_lag-tackles_lag"
"45...247","Kaye, Furo","Forward",5,2.59942845493513,"model_yellow_cards_lag-tackles_lag"
"46...248","Liam, Delap","Forward",5,6.54076653032385,"model_yellow_cards_lag-tackles_lag"
"47...249","Lukas, Nmecha","Forward",5,3.38995116730565,"model_yellow_cards_lag-tackles_lag"
"48...250","Marc, Guiu Paz","Forward",5,2.27254885483117,"model_yellow_cards_lag-tackles_lag"
"49...251","Mason, Burstow","Forward",5,2.27254885483117,"model_yellow_cards_lag-tackles_lag"
"50...252","Mateo, Joseph Fernández-Regatillo","Forward",5,3.05111559088461,"model_yellow_cards_lag-tackles_lag"
"51...253","Nick, Woltemade","Forward",5,2.00514959121388,"model_yellow_cards_lag-tackles_lag"
"52...254","Nicolas, Jackson","Forward",5,4.69651771919341,"model_yellow_cards_lag-tackles_lag"
"53...255","Norberto Bercique, Gomes Betuncal","Forward",5,3.47607029900725,"model_yellow_cards_lag-tackles_lag"
"54...256","Norman, Bassette","Forward",5,1.28596955903521,"model_yellow_cards_lag-tackles_lag"
"55...257","Oli, McBurnie","Forward",5,5.57616345725548,"model_yellow_cards_lag-tackles_lag"
"56...258","Ollie, Watkins","Forward",5,2.16319422466824,"model_yellow_cards_lag-tackles_lag"
"57...259","Omar, Marmoush","Forward",5,1.97783434182613,"model_yellow_cards_lag-tackles_lag"
"58...260","Promise, David","Forward",5,3.88615492300822,"model_yellow_cards_lag-tackles_lag"
"59...261","Richarlison, de Andrade","Forward",5,1.63899876540509,"model_yellow_cards_lag-tackles_lag"
"60...262","Rodrigo, Muniz Carvalho","Forward",5,1.96471272238721,"model_yellow_cards_lag-tackles_lag"
"61...263","Sean, Neave","Forward",5,1.77925920693319,"model_yellow_cards_lag-tackles_lag"
"62...264","Shumaira, Mheuka","Forward",5,2.27254885483117,"model_yellow_cards_lag-tackles_lag"
"63...265","Sidiki, Cherif","Forward",5,1.34244215510538,"model_yellow_cards_lag-tackles_lag"
"64...266","Sindre, Walle Egeli","Forward",5,2.81219721977691,"model_yellow_cards_lag-tackles_lag"
"65...267","Stefanos, Tzimas","Forward",5,3.82968232693805,"model_yellow_cards_lag-tackles_lag"
"66...268","Taiwo, Awoniyi","Forward",5,1.99978807086417,"model_yellow_cards_lag-tackles_lag"
"67...269","Tammy, Abraham","Forward",5,2.33261201287876,"model_yellow_cards_lag-tackles_lag"
"68...270","Thierno, Barry","Forward",5,3.75843327935811,"model_yellow_cards_lag-tackles_lag"
"69...271","Viktor, Gyökeres","Forward",5,3.60087783485277,"model_yellow_cards_lag-tackles_lag"
"70...272","William, Osula","Forward",5,1.77925920693319,"model_yellow_cards_lag-tackles_lag"
"71...273","Wilson, Isidor","Forward",5,2.33570953948062,"model_yellow_cards_lag-tackles_lag"
"72...274","Yoane, Wissa","Forward",5,3.00133108339371,"model_yellow_cards_lag-tackles_lag"
"73...275","Álvaro, Rodríguez","Forward",5,2.4580023702852,"model_yellow_cards_lag-tackles_lag"
"1...276","Alex, Palmer","Goalkeeper",5,2.63270468992897,"model_yellow_cards_lag-recoveries_lag"
"2...277","Alfie, McNally","Goalkeeper",5,1.35652334945091,"model_yellow_cards_lag-recoveries_lag"
"3...278","Alisson, Becker","Goalkeeper",5,4.79135033481508,"model_yellow_cards_lag-recoveries_lag"
"4...279","Altay, Bayındır","Goalkeeper",5,1.31949267215566,"model_yellow_cards_lag-recoveries_lag"
"5...280","Anthony, Patterson","Goalkeeper",5,0.971273406916394,"model_yellow_cards_lag-recoveries_lag"
"6...281","Antonín, Kinský","Goalkeeper",5,0.97999091924982,"model_yellow_cards_lag-recoveries_lag"
"7...282","Armin, Pecsi","Goalkeeper",5,3.21244749992849,"model_yellow_cards_lag-recoveries_lag"
"8...283","Bart, Verbruggen","Goalkeeper",5,4.51013218938138,"model_yellow_cards_lag-recoveries_lag"
"9...284","Ben, Wilson","Goalkeeper",5,0.77678053945138,"model_yellow_cards_lag-recoveries_lag"
"10...285","Benjamin, Lecomte","Goalkeeper",5,1.35652334945091,"model_yellow_cards_lag-recoveries_lag"
"11...286","Bernd, Leno","Goalkeeper",5,2.06252189770344,"model_yellow_cards_lag-recoveries_lag"
"12...287","Brandon, Austin","Goalkeeper",5,1.26021086381728,"model_yellow_cards_lag-recoveries_lag"
"13...288","Caoimhín, Kelleher","Goalkeeper",5,4.15662428778789,"model_yellow_cards_lag-recoveries_lag"
"14...289","Carl, Rushworth","Goalkeeper",5,2.57618064491505,"model_yellow_cards_lag-recoveries_lag"
"15...290","Christian, Walton","Goalkeeper",5,2.63270468992897,"model_yellow_cards_lag-recoveries_lag"
"16...291","David, Button","Goalkeeper",5,2.63270468992897,"model_yellow_cards_lag-recoveries_lag"
"17...292","David, Raya Martín","Goalkeeper",5,5.28504711532338,"model_yellow_cards_lag-recoveries_lag"
"18...293","Dean, Henderson","Goalkeeper",5,1.83489528446532,"model_yellow_cards_lag-recoveries_lag"
"19...294","Dillon, Phillips","Goalkeeper",5,2.51787686564772,"model_yellow_cards_lag-recoveries_lag"
"20...295","Emiliano, Martínez Romero","Goalkeeper",5,3.95280978537434,"model_yellow_cards_lag-recoveries_lag"
"21...296","Ewen, Jaouen","Goalkeeper",5,1.64732870254955,"model_yellow_cards_lag-recoveries_lag"
"22...297","Filip, Jörgensen","Goalkeeper",5,2.51787686564772,"model_yellow_cards_lag-recoveries_lag"
"23...298","Fraser, Forster","Goalkeeper",5,2.22707151254907,"model_yellow_cards_lag-recoveries_lag"
"24...299","Freddie, Woodman","Goalkeeper",5,3.21244749992849,"model_yellow_cards_lag-recoveries_lag"
"25...300","Gerónimo, Rulli","Goalkeeper",5,3.79405820612578,"model_yellow_cards_lag-recoveries_lag"
"26...301","Gianluigi, Donnarumma","Goalkeeper",5,4.81093240791979,"model_yellow_cards_lag-recoveries_lag"
"27...302","Giorgi, Mamardashvili","Goalkeeper",5,3.21244749992849,"model_yellow_cards_lag-recoveries_lag"
"28...303","Guglielmo, Vicario","Goalkeeper",5,1.26021086381728,"model_yellow_cards_lag-recoveries_lag"
"29...304","Harvey, Cartwright","Goalkeeper",5,2.51787686564772,"model_yellow_cards_lag-recoveries_lag"
"30...305","Harvey, Davies","Goalkeeper",5,3.21244749992849,"model_yellow_cards_lag-recoveries_lag"
"31...306","Hákon Rafn, Valdimarsson","Goalkeeper",5,2.53639220429534,"model_yellow_cards_lag-recoveries_lag"
"32...307","Illan, Meslier","Goalkeeper",5,4.06448032437904,"model_yellow_cards_lag-recoveries_lag"
"33...308","Jack, Butland","Goalkeeper",5,2.51787686564772,"model_yellow_cards_lag-recoveries_lag"
"34...309","James, Trafford","Goalkeeper",5,4.1388214054949,"model_yellow_cards_lag-recoveries_lag"
"35...310","Jason, Steele","Goalkeeper",5,3.86998745691402,"model_yellow_cards_lag-recoveries_lag"
"36...311","John Victor, Maciel Furtado","Goalkeeper",5,2.86422823468923,"model_yellow_cards_lag-recoveries_lag"
"37...312","Jordan, Pickford","Goalkeeper",5,4.86651976756256,"model_yellow_cards_lag-recoveries_lag"
"38...313","Karl, Darlow","Goalkeeper",5,1.31949267215566,"model_yellow_cards_lag-recoveries_lag"
"39...314","Kayne, van Oevelen","Goalkeeper",5,2.63270468992897,"model_yellow_cards_lag-recoveries_lag"
"40...315","Kepa, Arrizabalaga Revuelta","Goalkeeper",5,4.06448032437904,"model_yellow_cards_lag-recoveries_lag"
"41...316","Kjell, Scherpen","Goalkeeper",5,4.00178379387041,"model_yellow_cards_lag-recoveries_lag"
"42...317","Konstantinos, Tzolakis","Goalkeeper",5,4.22235619030985,"model_yellow_cards_lag-recoveries_lag"
"43...318","Lucas Estella, Perri","Goalkeeper",5,3.19393216128087,"model_yellow_cards_lag-recoveries_lag"
"44...319","Lukás, Hornícek","Goalkeeper",5,1.79129861770951,"model_yellow_cards_lag-recoveries_lag"
"45...320","Marco, Bizot","Goalkeeper",5,1.62694546770417,"model_yellow_cards_lag-recoveries_lag"
"46...321","Marcus, Bettinelli","Goalkeeper",5,3.79405820612578,"model_yellow_cards_lag-recoveries_lag"
"47...322","Mark, Gillespie","Goalkeeper",5,1.64732870254955,"model_yellow_cards_lag-recoveries_lag"
"48...323","Mark, Travers","Goalkeeper",5,3.42545570604113,"model_yellow_cards_lag-recoveries_lag"
"49...324","Martin, Dubravka","Goalkeeper",5,1.26021086381728,"model_yellow_cards_lag-recoveries_lag"
"50...325","Matz, Sels","Goalkeeper",5,4.30529229621065,"model_yellow_cards_lag-recoveries_lag"
"51...326","Melker, Ellborg","Goalkeeper",5,0.971273406916394,"model_yellow_cards_lag-recoveries_lag"
"52...327","Mike, Penders","Goalkeeper",5,2.51787686564772,"model_yellow_cards_lag-recoveries_lag"
"53...328","Nick, Pope","Goalkeeper",5,1.64732870254955,"model_yellow_cards_lag-recoveries_lag"
"54...329","Oliver, Dovin","Goalkeeper",5,0.77678053945138,"model_yellow_cards_lag-recoveries_lag"
"55...330","Remi, Matthews","Goalkeeper",5,2.01406330643644,"model_yellow_cards_lag-recoveries_lag"
"56...331","Robert, Lynch Sánchez","Goalkeeper",5,2.51787686564772,"model_yellow_cards_lag-recoveries_lag"
"57...332","Robin, Roefs","Goalkeeper",5,0.92994415831043,"model_yellow_cards_lag-recoveries_lag"
"58...333","Senne, Lammens","Goalkeeper",5,1.88765244704304,"model_yellow_cards_lag-recoveries_lag"
"59...334","Steven, Benda","Goalkeeper",5,2.86422823468923,"model_yellow_cards_lag-recoveries_lag"
"60...335","Thimothée, Lo-Tutala","Goalkeeper",5,2.51787686564772,"model_yellow_cards_lag-recoveries_lag"
"61...336","Tom, Heaton","Goalkeeper",5,1.31949267215566,"model_yellow_cards_lag-recoveries_lag"
"62...337","Tom, King","Goalkeeper",5,3.42545570604113,"model_yellow_cards_lag-recoveries_lag"
"63...338","Vitezslav, Jaros","Goalkeeper",5,3.21244749992849,"model_yellow_cards_lag-recoveries_lag"
"64...339","Walter, Benítez","Goalkeeper",5,3.19171210481716,"model_yellow_cards_lag-recoveries_lag"
"65...340","Will, Dennis","Goalkeeper",5,2.22707151254907,"model_yellow_cards_lag-recoveries_lag"
"66...341","Zion, Suzuki","Goalkeeper",5,2.45852050573225,"model_yellow_cards_lag-recoveries_lag"
"67...342","Đorđe, Petrović","Goalkeeper",5,3.78144978025645,"model_yellow_cards_lag-recoveries_lag"
"1...343","Abdul, Fatawu","Midfielder",5,2.52729988284837,"model_influence_lag-ict_threat_lag"
"2...344","Abdülkadir, Ömür","Midfielder",5,1.77998456820354,"model_influence_lag-ict_threat_lag"
"3...345","Abu, Kamara","Midfielder",5,1.77998456820354,"model_influence_lag-ict_threat_lag"
"4...346","Adam, Wharton","Midfielder",5,2.40208242690024,"model_influence_lag-ict_threat_lag"
"5...347","Aladji, Bamba","Midfielder",5,1.79609518056181,"model_influence_lag-ict_threat_lag"
"6...348","Alejandro, Garnacho Ferreyra","Midfielder",5,1.71491226794885,"model_influence_lag-ict_threat_lag"
"7...349","Alex, Iwobi","Midfielder",5,3.08968449360395,"model_influence_lag-ict_threat_lag"
"8...350","Alex, Scott","Midfielder",5,4.91909758502754,"model_influence_lag-ict_threat_lag"
"9...351","Alex, Tóth","Midfielder",5,1.65687189943298,"model_influence_lag-ict_threat_lag"
"10...352","Alexis, Mac Allister","Midfielder",5,2.4720246689034,"model_influence_lag-ict_threat_lag"
"11...353","Alfie, Cresswell","Midfielder",5,1.66637051635116,"model_influence_lag-ict_threat_lag"
"12...354","Alysson Edward Franco, da Rocha dos Santos","Midfielder",5,2.3585950520134,"model_influence_lag-ict_threat_lag"
"13...355","Amad, Diallo","Midfielder",5,1.85239044181157,"model_influence_lag-ict_threat_lag"
"14...356","Amadou, Onana","Midfielder",5,1.54274598161811,"model_influence_lag-ict_threat_lag"
"15...357","Amine, Adli","Midfielder",5,1.65687189943298,"model_influence_lag-ict_threat_lag"
"16...358","Andrey, Nascimento dos Santos","Midfielder",5,2.02455672814231,"model_influence_lag-ict_threat_lag"
"17...359","Anis, Mehmeti","Midfielder",5,1.58870346832155,"model_influence_lag-ict_threat_lag"
"18...360","Anthony, Elanga","Midfielder",5,2.48605255961795,"model_influence_lag-ict_threat_lag"
"19...361","Antoine, Semenyo","Midfielder",5,3.45432436676268,"model_influence_lag-ict_threat_lag"
"20...362","Anton, Stach","Midfielder",5,3.48749335585797,"model_influence_lag-ict_threat_lag"
"21...363","Antoni, Milambo","Midfielder",5,1.64788514847729,"model_influence_lag-ict_threat_lag"
"22...364","Archie, Gray","Midfielder",5,2.34618641902156,"model_influence_lag-ict_threat_lag"
"23...365","Azor, Matusiwa","Midfielder",5,1.58870346832155,"model_influence_lag-ict_threat_lag"
"24...366","Bazoumana, Touré","Midfielder",5,2.52189875302733,"model_influence_lag-ict_threat_lag"
"25...367","Ben, Gannon-Doak","Midfielder",5,2.00165386357933,"model_influence_lag-ict_threat_lag"
"26...368","Bendito, Mantato","Midfielder",5,1.85239044181157,"model_influence_lag-ict_threat_lag"
"27...369","Boubacar, Kamara","Midfielder",5,2.34740064649949,"model_influence_lag-ict_threat_lag"
"28...370","Bradley, Burrowes","Midfielder",5,1.54274598161811,"model_influence_lag-ict_threat_lag"
"29...371","Brenden, Aaronson","Midfielder",5,1.98569011530581,"model_influence_lag-ict_threat_lag"
"30...372","Brennan, Johnson","Midfielder",5,2.68157032432783,"model_influence_lag-ict_threat_lag"
"31...373","Bruno, Borges Fernandes","Midfielder",5,4.85409002764226,"model_influence_lag-ict_threat_lag"
"32...374","Bruno, Guimarães Rodriguez Moura","Midfielder",5,2.37814516382717,"model_influence_lag-ict_threat_lag"
"33...375","Bryan, Mbeumo","Midfielder",5,4.82331109615746,"model_influence_lag-ict_threat_lag"
"34...376","Bukayo, Saka","Midfielder",5,4.72276307604183,"model_influence_lag-ict_threat_lag"
"35...377","Caleb, Yirenkyi","Midfielder",5,2.29871517406306,"model_influence_lag-ict_threat_lag"
"36...378","Callum, Hudson-Odoi","Midfielder",5,1.59288212096071,"model_influence_lag-ict_threat_lag"
"37...379","Callum, Olusesi","Midfielder",5,1.6473732825148,"model_influence_lag-ict_threat_lag"
"38...380","Cameron, Humphreys","Midfielder",5,1.58870346832155,"model_influence_lag-ict_threat_lag"
"39...381","Carlos, Alcaraz Durán","Midfielder",5,1.58446602582495,"model_influence_lag-ict_threat_lag"
"40...382","Carlos, Baleba","Midfielder",5,1.85239044181157,"model_influence_lag-ict_threat_lag"
"41...383","Cheick, Doucouré","Midfielder",5,1.60667697023294,"model_influence_lag-ict_threat_lag"
"42...384","Chemsdine, Talbi","Midfielder",5,1.824918322982,"model_influence_lag-ict_threat_lag"
"43...385","Chiedozie, Ogbene","Midfielder",5,1.58870346832155,"model_influence_lag-ict_threat_lag"
"44...386","Chris, Rigg","Midfielder",5,1.91100146614737,"model_influence_lag-ict_threat_lag"
"45...387","Christian, Nørgaard","Midfielder",5,1.58446602582495,"model_influence_lag-ict_threat_lag"
"46...388","Christos, Tzolis","Midfielder",5,2.59107704806606,"model_influence_lag-ict_threat_lag"
"47...389","Claudio, Echeverri","Midfielder",5,1.78049643416603,"model_influence_lag-ict_threat_lag"
"48...390","Cody, Gakpo","Midfielder",5,3.17426256301619,"model_influence_lag-ict_threat_lag"
"49...391","Cole, Palmer","Midfielder",5,3.81683847278882,"model_influence_lag-ict_threat_lag"
"50...392","Conor, Gallagher","Midfielder",5,1.90562271201091,"model_influence_lag-ict_threat_lag"
"51...393","Curtis, Jones","Midfielder",5,1.53427109662491,"model_influence_lag-ict_threat_lag"
"52...394","César, Palacios","Midfielder",5,2.36293989084739,"model_influence_lag-ict_threat_lag"
"53...395","Daichi, Kamada","Midfielder",5,3.05149890379067,"model_influence_lag-ict_threat_lag"
"54...396","Daizen, Maeda","Midfielder",5,2.0191191841484,"model_influence_lag-ict_threat_lag"
"55...397","Dan, Ndoye","Midfielder",5,3.51438832826277,"model_influence_lag-ict_threat_lag"
"56...398","Dango, Ouattara","Midfielder",5,2.06548530419778,"model_influence_lag-ict_threat_lag"
"57...399","Daniel, James","Midfielder",5,1.90623944793605,"model_influence_lag-ict_threat_lag"
"58...400","Darko, Gyabi","Midfielder",5,1.77998456820354,"model_influence_lag-ict_threat_lag"
"59...401","David, Akintola","Midfielder",5,1.77998456820354,"model_influence_lag-ict_threat_lag"
"60...402","David, Brooks","Midfielder",5,1.84772903298221,"model_influence_lag-ict_threat_lag"
"61...403","Declan, Rice","Midfielder",5,3.4480454719203,"model_influence_lag-ict_threat_lag"
"62...404","Dejan, Kulusevski","Midfielder",5,1.6473732825148,"model_influence_lag-ict_threat_lag"
"63...405","Diego, Gómez Amarilla","Midfielder",5,2.78534915496614,"model_influence_lag-ict_threat_lag"
"64...406","Dilane, Bakwa","Midfielder",5,1.50679897779534,"model_influence_lag-ict_threat_lag"
"65...407","Divine, Mukasa","Midfielder",5,1.78049643416603,"model_influence_lag-ict_threat_lag"
"66...408","Djiamgone Jocelin Ta, Bi","Midfielder",5,1.824918322982,"model_influence_lag-ict_threat_lag"
"67...409","Dominik, Szoboszlai","Midfielder",5,3.6924758864917,"model_influence_lag-ict_threat_lag"
"68...410","Dwight, McNeil","Midfielder",5,1.69276011339831,"model_influence_lag-ict_threat_lag"
"69...411","Dário, Luís Essugo","Midfielder",5,1.77998456820354,"model_influence_lag-ict_threat_lag"
"70...412","Eberechi, Eze","Midfielder",5,1.94571972079631,"model_influence_lag-ict_threat_lag"
"71...413","Eliot, Matazo","Midfielder",5,1.77998456820354,"model_influence_lag-ict_threat_lag"
"72...414","Elliot, Anderson","Midfielder",5,2.65212626846152,"model_influence_lag-ict_threat_lag"
"73...415","Elliot, Stroud","Midfielder",5,2.16945223770112,"model_influence_lag-ict_threat_lag"
"74...416","Emile, Smith Rowe","Midfielder",5,1.8517812739176,"model_influence_lag-ict_threat_lag"
"75...417","Emiliano, Buendía Stati","Midfielder",5,2.16789553219375,"model_influence_lag-ict_threat_lag"
"76...418","Endo, Wataru","Midfielder",5,1.53427109662491,"model_influence_lag-ict_threat_lag"
"77...419","Enzo, Fernández","Midfielder",5,2.90413063585135,"model_influence_lag-ict_threat_lag"
"78...420","Enzo, Le Fée","Midfielder",5,3.96808427108742,"model_influence_lag-ict_threat_lag"
"79...421","Ephron, Mason-Clark","Midfielder",5,2.93892724216938,"model_influence_lag-ict_threat_lag"
"80...422","Estêvão, Almeida de Oliveira Gonçalves","Midfielder",5,2.39566276693133,"model_influence_lag-ict_threat_lag"
"81...423","Ethan, Ampadu","Midfielder",5,2.66393173719844,"model_influence_lag-ict_threat_lag"
"82...424","Ethan, Nwaneri","Midfielder",5,1.73505081342508,"model_influence_lag-ict_threat_lag"
"83...425","Evann, Guessand","Midfielder",5,1.69276011339831,"model_influence_lag-ict_threat_lag"
"84...426","Facundo, Buonanotte","Midfielder",5,1.55275646449878,"model_influence_lag-ict_threat_lag"
"85...427","Federico, Chiesa","Midfielder",5,1.53427109662491,"model_influence_lag-ict_threat_lag"
"86...428","Florentino Ibrain, Morris Luís","Midfielder",5,2.09848675006198,"model_influence_lag-ict_threat_lag"
"87...429","Florian, Wirtz","Midfielder",5,3.2940134173659,"model_influence_lag-ict_threat_lag"
"88...430","Frank, Onyeka","Midfielder",5,2.41324115275861,"model_influence_lag-ict_threat_lag"
"89...431","Fábio, Ferreira Vieira","Midfielder",5,1.73505081342508,"model_influence_lag-ict_threat_lag"
"90...432","Fábio, Freitas Gouveia Carvalho","Midfielder",5,1.64788514847729,"model_influence_lag-ict_threat_lag"
"91...433","Gabriel, Martinelli Silva","Midfielder",5,1.73505081342508,"model_influence_lag-ict_threat_lag"
"92...434","George, Hemmings","Midfielder",5,2.35400085734301,"model_influence_lag-ict_threat_lag"
"93...435","George, Shepherd","Midfielder",5,1.64262397405571,"model_influence_lag-ict_threat_lag"
"94...436","Geovany, Quenda","Midfielder",5,1.77998456820354,"model_influence_lag-ict_threat_lag"
"95...437","Granit, Xhaka","Midfielder",5,3.53306437822097,"model_influence_lag-ict_threat_lag"
"96...438","Gustavo, Hamer","Midfielder",5,1.81479026038645,"model_influence_lag-ict_threat_lag"
"97...439","Habib, Diarra","Midfielder",5,2.16925089564348,"model_influence_lag-ict_threat_lag"
"98...440","Harrison, Armstrong","Midfielder",5,2.11853480543216,"model_influence_lag-ict_threat_lag"
"99...441","Harrison, Reed","Midfielder",5,1.58819160235906,"model_influence_lag-ict_threat_lag"
"100...442","Harry, Howell","Midfielder",5,1.55275646449878,"model_influence_lag-ict_threat_lag"
"101...443","Harry, Wilson","Midfielder",5,1.91295757729651,"model_influence_lag-ict_threat_lag"
"102...444","Harvey, Barnes","Midfielder",5,4.10162203807352,"model_influence_lag-ict_threat_lag"
"103...445","Harvey, Elliott","Midfielder",5,1.53427109662491,"model_influence_lag-ict_threat_lag"
"104...446","Hayden, Hackney","Midfielder",5,2.40106114361228,"model_influence_lag-ict_threat_lag"
"105...447","Hidemasa, Morita","Midfielder",5,1.86606771136891,"model_influence_lag-ict_threat_lag"
"106...448","Ibrahim, Osman","Midfielder",5,1.99573333184613,"model_influence_lag-ict_threat_lag"
"107...449","Ibrahim, Sangaré","Midfielder",5,1.62613015350362,"model_influence_lag-ict_threat_lag"
"108...450","Ilia, Gruev","Midfielder",5,1.66637051635116,"model_influence_lag-ict_threat_lag"
"109...451","Iliman, Ndiaye","Midfielder",5,2.46011594335669,"model_influence_lag-ict_threat_lag"
"110...452","Ismaïla, Sarr","Midfielder",5,1.60667697023294,"model_influence_lag-ict_threat_lag"
"111...453","Jack, Clarke","Midfielder",5,2.47519224806595,"model_influence_lag-ict_threat_lag"
"112...454","Jack, Fletcher","Midfielder",5,1.85239044181157,"model_influence_lag-ict_threat_lag"
"113...455","Jack, Grealish","Midfielder",5,1.80185306255663,"model_influence_lag-ict_threat_lag"
"114...456","Jack, Harrison","Midfielder",5,1.66637051635116,"model_influence_lag-ict_threat_lag"
"115...457","Jack, Hinshelwood","Midfielder",5,1.55275646449878,"model_influence_lag-ict_threat_lag"
"116...458","Jack, Rudoni","Midfielder",5,3.94069918929281,"model_influence_lag-ict_threat_lag"
"117...459","Jack, Taylor","Midfielder",5,1.58870346832155,"model_influence_lag-ict_threat_lag"
"118...460","Jacob, Murphy","Midfielder",5,2.00164854161304,"model_influence_lag-ict_threat_lag"
"119...461","Jacob, Ramsey","Midfielder",5,2.31388627328721,"model_influence_lag-ict_threat_lag"
"120...462","Jaden, Philogene","Midfielder",5,1.85541265239617,"model_influence_lag-ict_threat_lag"
"121...463","Jaidon, Anthony","Midfielder",5,2.23020853743668,"model_influence_lag-ict_threat_lag"
"122...464","James, Garner","Midfielder",5,2.2168476271501,"model_influence_lag-ict_threat_lag"
"123...465","James, Maddison","Midfielder",5,1.7561952812279,"model_influence_lag-ict_threat_lag"
"124...466","James, McAtee","Midfielder",5,2.79209028881624,"model_influence_lag-ict_threat_lag"
"125...467","James, McConnell","Midfielder",5,1.53427109662491,"model_influence_lag-ict_threat_lag"
"126...468","Jamie, Bynoe-Gittens","Midfielder",5,1.77998456820354,"model_influence_lag-ict_threat_lag"
"127...469","Jefferson, Lerma Solís","Midfielder",5,1.68750552490072,"model_influence_lag-ict_threat_lag"
"128...470","Jens, Hjertø-Dahl","Midfielder",5,1.86606771136891,"model_influence_lag-ict_threat_lag"
"129...471","Jeremy, Monga","Midfielder",5,1.78049643416603,"model_influence_lag-ict_threat_lag"
"130...472","Jesurun, Rak-Sakyi","Midfielder",5,1.60667697023294,"model_influence_lag-ict_threat_lag"
"131...473","Joao, Gomes","Midfielder",5,1.54274598161811,"model_influence_lag-ict_threat_lag"
"132...474","Joe, Gelhardt","Midfielder",5,1.77998456820354,"model_influence_lag-ict_threat_lag"
"133...475","Joe, Willock","Midfielder",5,2.85590343819254,"model_influence_lag-ict_threat_lag"
"134...476","Joelinton Cássio, Apolinário de Lira","Midfielder",5,1.71130427112963,"model_influence_lag-ict_threat_lag"
"135...477","Johan, Manzambi","Midfielder",5,1.70057977836687,"model_influence_lag-ict_threat_lag"
"136...478","John, McGinn","Midfielder",5,2.8370084164979,"model_influence_lag-ict_threat_lag"
"137...479","Jordan, Henderson","Midfielder",5,1.77998456820354,"model_influence_lag-ict_threat_lag"
"138...480","Josh, Dasilva","Midfielder",5,1.64788514847729,"model_influence_lag-ict_threat_lag"
"139...481","Josh, Eccles","Midfielder",5,1.64262397405571,"model_influence_lag-ict_threat_lag"
"140...482","Josh, King","Midfielder",5,3.92314317982687,"model_influence_lag-ict_threat_lag"
"141...483","Joél, Drakes-Thomas","Midfielder",5,1.60667697023294,"model_influence_lag-ict_threat_lag"
"142...484","Julio, Enciso","Midfielder",5,2.85887028401623,"model_influence_lag-ict_threat_lag"
"143...485","Junior, Kroupi","Midfielder",5,1.65687189943298,"model_influence_lag-ict_threat_lag"
"144...486","Justin, Devenny","Midfielder",5,1.60667697023294,"model_influence_lag-ict_threat_lag"
"145...487","Justin, Kluivert","Midfielder",5,3.30418362224728,"model_influence_lag-ict_threat_lag"
"146...488","Jérémy, Doku","Midfielder",5,1.78049643416603,"model_influence_lag-ict_threat_lag"
"147...489","Kai, Andrews","Midfielder",5,1.64262397405571,"model_influence_lag-ict_threat_lag"
"148...490","Kalvin, Phillips","Midfielder",5,1.78049643416603,"model_influence_lag-ict_threat_lag"
"149...491","Kasey, McAteer","Midfielder",5,1.76086975465229,"model_influence_lag-ict_threat_lag"
"150...492","Keane, Lewis-Potter","Midfielder",5,2.57664392112757,"model_influence_lag-ict_threat_lag"
"151...493","Kevin, Santos Lopes de Macedo","Midfielder",5,1.86656315498444,"model_influence_lag-ict_threat_lag"
"152...494","Kevin, Schade","Midfielder",5,4.03896126302689,"model_influence_lag-ict_threat_lag"
"153...495","Kieran, Dowell","Midfielder",5,1.77998456820354,"model_influence_lag-ict_threat_lag"
"154...496","Kiernan, Dewsbury-Hall","Midfielder",5,3.00271720206537,"model_influence_lag-ict_threat_lag"
"155...497","Kobbie, Mainoo","Midfielder",5,3.96810658010415,"model_influence_lag-ict_threat_lag"
"156...498","Lamare, Bogarde","Midfielder",5,1.54274598161811,"model_influence_lag-ict_threat_lag"
"157...499","Leon, Bailey","Midfielder",5,1.54274598161811,"model_influence_lag-ict_threat_lag"
"158...500","Lewis, Cook","Midfielder",5,2.00387459312567,"model_influence_lag-ict_threat_lag"
"159...501","Lewis, Koumas","Midfielder",5,1.62035423979028,"model_influence_lag-ict_threat_lag"
"160...502","Lewis, Miley","Midfielder",5,2.17109131829982,"model_influence_lag-ict_threat_lag"
"161...503","Liam, Millar","Midfielder",5,2.29648342719576,"model_influence_lag-ict_threat_lag"
"162...504","Loum, Tchaouna","Midfielder",5,1.81479026038645,"model_influence_lag-ict_threat_lag"
"163...505","Luca, Williams-Barnett","Midfielder",5,1.6473732825148,"model_influence_lag-ict_threat_lag"
"164...506","Lucas, Bergvall","Midfielder",5,1.98721100747083,"model_influence_lag-ict_threat_lag"
"165...507","Lucas, Gourna-Douath","Midfielder",5,2.03823399769965,"model_influence_lag-ict_threat_lag"
"166...508","Luka, Lynch","Midfielder",5,1.54274598161811,"model_influence_lag-ict_threat_lag"
"167...509","Malick, Yalcouyé","Midfielder",5,3.8548137649745,"model_influence_lag-ict_threat_lag"
"168...510","Mamadou, Sangaré","Midfielder",5,2.36488635210493,"model_influence_lag-ict_threat_lag"
"169...511","Manuel, Ugarte Ribeiro","Midfielder",5,1.85239044181157,"model_influence_lag-ict_threat_lag"
"170...512","Marcelino, Núñez","Midfielder",5,1.76086975465229,"model_influence_lag-ict_threat_lag"
"171...513","Marcus, Rashford","Midfielder",5,3.38170546997209,"model_influence_lag-ict_threat_lag"
"172...514","Marcus, Tavernier","Midfielder",5,4.92652461867606,"model_influence_lag-ict_threat_lag"
"173...515","Martin, Ødegaard","Midfielder",5,4.27443482534062,"model_influence_lag-ict_threat_lag"
"174...516","Martín, Zubimendi Ibáñez","Midfielder",5,1.97081834806798,"model_influence_lag-ict_threat_lag"
"175...517","Mason, Mount","Midfielder",5,1.85239044181157,"model_influence_lag-ict_threat_lag"
"176...518","Mateo, Kovačić","Midfielder",5,1.8665795773314,"model_influence_lag-ict_threat_lag"
"177...519","Mateus, Fernandes","Midfielder",5,2.83586870129337,"model_influence_lag-ict_threat_lag"
"178...520","Matheus, França de Oliveira","Midfielder",5,1.60667697023294,"model_influence_lag-ict_threat_lag"
"179...521","Matheus, Santos Carneiro da Cunha","Midfielder",5,3.700126285957,"model_influence_lag-ict_threat_lag"
"180...522","Mathias, Jensen","Midfielder",5,1.64788514847729,"model_influence_lag-ict_threat_lag"
"181...523","Mathys, Tel","Midfielder",5,2.43735284355483,"model_influence_lag-ict_threat_lag"
"182...524","Matt, Crooks","Midfielder",5,1.74952457520879,"model_influence_lag-ict_threat_lag"
"183...525","Matt, Grimes","Midfielder",5,2.26679164020543,"model_influence_lag-ict_threat_lag"
"184...526","Matt, O'Riley","Midfielder",5,1.85926050334707,"model_influence_lag-ict_threat_lag"
"185...527","Max, Dowman","Midfielder",5,1.73505081342508,"model_influence_lag-ict_threat_lag"
"186...528","Merlin, Röhl","Midfielder",5,1.84271545532106,"model_influence_lag-ict_threat_lag"
"187...529","Mikel, Merino Zazón","Midfielder",5,1.90058462396021,"model_influence_lag-ict_threat_lag"
"188...530","Mikey, Moore","Midfielder",5,1.73345642568017,"model_influence_lag-ict_threat_lag"
"189...531","Mikkel, Damsgaard","Midfielder",5,2.97426099589637,"model_influence_lag-ict_threat_lag"
"190...532","Mitoma, Kaoru","Midfielder",5,1.55275646449878,"model_influence_lag-ict_threat_lag"
"191...533","Mohamed, Belloumi","Midfielder",5,4.0893036322722,"model_influence_lag-ict_threat_lag"
"192...534","Mohammed, Kudus","Midfielder",5,2.2708371485938,"model_influence_lag-ict_threat_lag"
"193...535","Moisés, Caicedo Corozo","Midfielder",5,1.86606771136891,"model_influence_lag-ict_threat_lag"
"194...536","Morgan, Gibbs-White","Midfielder",5,5.98053957418006,"model_influence_lag-ict_threat_lag"
"195...537","Morgan, Rogers","Midfielder",5,4.03659642253588,"model_influence_lag-ict_threat_lag"
"196...538","Mykhailo, Mudryk","Midfielder",5,1.73345642568017,"model_influence_lag-ict_threat_lag"
"197...539","Myles, Lewis-Skelly","Midfielder",5,2.2515496724173,"model_influence_lag-ict_threat_lag"
"198...540","Nehemiah, Oriola","Midfielder",5,1.55275646449878,"model_influence_lag-ict_threat_lag"
"199...541","Nico, González Iglesias","Midfielder",5,2.14171998695647,"model_influence_lag-ict_threat_lag"
"200...542","Nicolás, Domínguez","Midfielder",5,1.59288212096071,"model_influence_lag-ict_threat_lag"
"201...543","Nilson, Angulo","Midfielder",5,2.46738083347811,"model_influence_lag-ict_threat_lag"
"202...544","Noah, Okafor","Midfielder",5,3.30401590441861,"model_influence_lag-ict_threat_lag"
"203","Noah, Sadiki","Midfielder",5,2.2700091426502,"model_influence_lag-ict_threat_lag"
"204","Noni, Madueke","Midfielder",5,1.82113395659045,"model_influence_lag-ict_threat_lag"
"205","Omari, Hutchinson","Midfielder",5,1.50679897779534,"model_influence_lag-ict_threat_lag"
"206","Oscar, Bobb","Midfielder",5,2.93820508829562,"model_influence_lag-ict_threat_lag"
"207","Pape Matar, Sarr","Midfielder",5,1.6473732825148,"model_influence_lag-ict_threat_lag"
"208","Pascal, Groß","Midfielder",5,5.52705280793079,"model_influence_lag-ict_threat_lag"
"209","Patrick, Dorgu","Midfielder",5,2.6667437063919,"model_influence_lag-ict_threat_lag"
"210","Pedro, Lomba Neto","Midfielder",5,3.87293213810496,"model_influence_lag-ict_threat_lag"
"211","Phil, Foden","Midfielder",5,2.83024235417779,"model_influence_lag-ict_threat_lag"
"212","Raphael, Borges Rodrigues","Midfielder",5,1.64262397405571,"model_influence_lag-ict_threat_lag"
"213","Rayan Vitor, Simplício Rocha","Midfielder",5,2.95806601812422,"model_influence_lag-ict_threat_lag"
"214","Rayan, Cherki","Midfielder",5,3.54774378579439,"model_influence_lag-ict_threat_lag"
"215","Regan, Slater","Midfielder",5,2.94192896013901,"model_influence_lag-ict_threat_lag"
"216","Reiss, Nelson","Midfielder",5,1.73505081342508,"model_influence_lag-ict_threat_lag"
"217","Rio, Ngumoha","Midfielder",5,1.7741400282098,"model_influence_lag-ict_threat_lag"
"218","Rodrigo 'Rodri', Hernandez Cascante","Midfielder",5,1.78049643416603,"model_influence_lag-ict_threat_lag"
"219","Rodrigo, Bentancur","Midfielder",5,2.45832895022386,"model_influence_lag-ict_threat_lag"
"220","Romain, Esse","Midfielder",5,1.60667697023294,"model_influence_lag-ict_threat_lag"
"221","Romaine, Mundle","Midfielder",5,1.91100146614737,"model_influence_lag-ict_threat_lag"
"222","Roméo, Lavia","Midfielder",5,2.66622497643618,"model_influence_lag-ict_threat_lag"
"223","Ross, Barkley","Midfielder",5,2.30743448459613,"model_influence_lag-ict_threat_lag"
"224","Ryan, Christie","Midfielder",5,2.26043833812514,"model_influence_lag-ict_threat_lag"
"225","Ryan, Gravenberch","Midfielder",5,1.88726699594667,"model_influence_lag-ict_threat_lag"
"226","Ryan, Yates","Midfielder",5,1.50679897779534,"model_influence_lag-ict_threat_lag"
"227","Sam, Szmodics","Midfielder",5,1.58870346832155,"model_influence_lag-ict_threat_lag"
"228","Samuel, Iling-Junior","Midfielder",5,1.54274598161811,"model_influence_lag-ict_threat_lag"
"229","Sander, Berge","Midfielder",5,2.30030195540915,"model_influence_lag-ict_threat_lag"
"230","Sandro, Tonali","Midfielder",5,3.20943356312061,"model_influence_lag-ict_threat_lag"
"231","Saša, Lukić","Midfielder",5,2.40721151845662,"model_influence_lag-ict_threat_lag"
"232","Sean, Longstaff","Midfielder",5,1.75245365951653,"model_influence_lag-ict_threat_lag"
"233","Sean, Steur","Midfielder",5,2.37984984543198,"model_influence_lag-ict_threat_lag"
"234","Shea, Charles","Midfielder",5,2.03730930669585,"model_influence_lag-ict_threat_lag"
"235","Shea, Lacey","Midfielder",5,1.85239044181157,"model_influence_lag-ict_threat_lag"
"236","Simon, Adingra","Midfielder",5,1.824918322982,"model_influence_lag-ict_threat_lag"
"237","Stefan, Bajčetić Maquieira","Midfielder",5,1.53427109662491,"model_influence_lag-ict_threat_lag"
"238","Sávio, Moreira de Oliveira","Midfielder",5,3.79855214582252,"model_influence_lag-ict_threat_lag"
"239","Tanaka, Ao","Midfielder",5,2.71022002559013,"model_influence_lag-ict_threat_lag"
"240","Tatsuhiro, Sakamoto","Midfielder",5,1.72870711722108,"model_influence_lag-ict_threat_lag"
"241","Tijjani, Reijnders","Midfielder",5,1.78049643416603,"model_influence_lag-ict_threat_lag"
"242","Tim, Iroegbunam","Midfielder",5,1.83428321968888,"model_influence_lag-ict_threat_lag"
"243","Toby, Collyer","Midfielder",5,1.85239044181157,"model_influence_lag-ict_threat_lag"
"244","Tom, Cairney","Midfielder",5,1.58819160235906,"model_influence_lag-ict_threat_lag"
"245","Tom, Watson","Midfielder",5,1.55275646449878,"model_influence_lag-ict_threat_lag"
"246","Trey, Nyoni","Midfielder",5,1.70643738295565,"model_influence_lag-ict_threat_lag"
"247","Tyler, Adams","Midfielder",5,2.41509923374508,"model_influence_lag-ict_threat_lag"
"248","Tyler, Dibling","Midfielder",5,1.58446602582495,"model_influence_lag-ict_threat_lag"
"249","Tyler, Fletcher","Midfielder",5,1.85239044181157,"model_influence_lag-ict_threat_lag"
"250","Tyrique, George","Midfielder",5,3.27279775513326,"model_influence_lag-ict_threat_lag"
"251","Valentín, Barco","Midfielder",5,1.97098074393037,"model_influence_lag-ict_threat_lag"
"252","Victor, Munoz","Midfielder",5,3.23018747331131,"model_influence_lag-ict_threat_lag"
"253","Victor, Torp","Midfielder",5,1.82409285721327,"model_influence_lag-ict_threat_lag"
"254","Vitaly, Janelt","Midfielder",5,3.05380845812241,"model_influence_lag-ict_threat_lag"
"255","Wes, Burns","Midfielder",5,1.58870346832155,"model_influence_lag-ict_threat_lag"
"256","Wilfried, Gnonto","Midfielder",5,1.66637051635116,"model_influence_lag-ict_threat_lag"
"257","Will, Hughes","Midfielder",5,2.06705245106559,"model_influence_lag-ict_threat_lag"
"258","Wilson, Odobert","Midfielder",5,1.6473732825148,"model_influence_lag-ict_threat_lag"
"259","Xaver, Schlager","Midfielder",5,2.86333816230201,"model_influence_lag-ict_threat_lag"
"260","Xavi, Simons","Midfielder",5,1.6473732825148,"model_influence_lag-ict_threat_lag"
"261","Yankuba, Minteh","Midfielder",5,1.55275646449878,"model_influence_lag-ict_threat_lag"
"262","Yasin, Ayari","Midfielder",5,2.76768615052575,"model_influence_lag-ict_threat_lag"
"263","Yehor, Yarmoliuk","Midfielder",5,2.45453839927125,"model_influence_lag-ict_threat_lag"
"264","Youri, Tielemans","Midfielder",5,2.81350101614368,"model_influence_lag-ict_threat_lag"
"265","Yéremy, Pino Santos","Midfielder",5,2.66642928714225,"model_influence_lag-ict_threat_lag"
"266","Zadok, Yohanna","Midfielder",5,1.55275646449878,"model_influence_lag-ict_threat_lag"
"267","Zavier, Gozo","Midfielder",5,1.77884325656368,"model_influence_lag-ict_threat_lag"
"268","Óscar, Zambrano","Midfielder",5,1.77998456820354,"model_influence_lag-ict_threat_lag"
