"","full_name","position","gameweek","predicted_points","model_name","chance_of_playing_next_round","value","player_index","max_team_cost","formation","total_team_cost","total_team_points_predicted","position_code","team_cost_bracket"
"1","Jan Paul, van Hecke","Defender",6,5.94163506795462,"model_goals_conceded_lag-defensive_contribution_lag",100,4.9,5,80,"352",75.1,46.2327801761173,"D1","75.1m - 80m"
"2","Jan Paul, van Hecke","Defender",6,5.94163506795462,"model_goals_conceded_lag-defensive_contribution_lag",100,4.9,5,75,"343",70.6,45.9285410430282,"D1","70.1m - 75m"
"3","Jan Paul, van Hecke","Defender",6,5.94163506795462,"model_goals_conceded_lag-defensive_contribution_lag",100,4.9,5,75,"352",70.9,47.1453707677043,"D1","70.1m - 75m"
"4","Jan Paul, van Hecke","Defender",6,5.94163506795462,"model_goals_conceded_lag-defensive_contribution_lag",100,4.9,5,75,"433",70.3,45.8481609764179,"D1","70.1m - 75m"
"5","Jan Paul, van Hecke","Defender",6,5.94163506795462,"model_goals_conceded_lag-defensive_contribution_lag",100,4.9,5,75,"442",70.9,47.858674494677,"D1","70.1m - 75m"
"6","Jan Paul, van Hecke","Defender",6,5.94163506795462,"model_goals_conceded_lag-defensive_contribution_lag",100,4.9,5,75,"451",72.9,48.5232188442004,"D1","70.1m - 75m"
"7","Jan Paul, van Hecke","Defender",6,5.94163506795462,"model_goals_conceded_lag-defensive_contribution_lag",100,4.9,5,75,"523",70.1,44.556695184448,"D1","70.1m - 75m"
"8","Jan Paul, van Hecke","Defender",6,5.94163506795462,"model_goals_conceded_lag-defensive_contribution_lag",100,4.9,5,75,"532",70.1,46.7236656228818,"D1","70.1m - 75m"
"9","Jan Paul, van Hecke","Defender",6,5.94163506795462,"model_goals_conceded_lag-defensive_contribution_lag",100,4.9,5,75,"541",71,48.3921361684753,"D1","70.1m - 75m"
"10","Jan Paul, van Hecke","Defender",6,5.94163506795462,"model_goals_conceded_lag-defensive_contribution_lag",100,4.9,5,70,"343",68.8,45.7937611081152,"D1","65.1m - 70m"
"11","Jan Paul, van Hecke","Defender",6,5.94163506795462,"model_goals_conceded_lag-defensive_contribution_lag",100,4.9,5,70,"352",68.8,47.3526338054569,"D1","65.1m - 70m"
"12","Jan Paul, van Hecke","Defender",6,5.94163506795462,"model_goals_conceded_lag-defensive_contribution_lag",100,4.9,5,70,"433",68.5,46.2410100666614,"D1","65.1m - 70m"
"13","Jan Paul, van Hecke","Defender",6,5.94163506795462,"model_goals_conceded_lag-defensive_contribution_lag",100,4.9,5,70,"442",68.8,48.0659375324297,"D1","65.1m - 70m"
"14","Jan Paul, van Hecke","Defender",6,5.94163506795462,"model_goals_conceded_lag-defensive_contribution_lag",100,4.9,5,70,"451",69.1,49.2827672571057,"D1","65.1m - 70m"
"15","Jan Paul, van Hecke","Defender",6,5.94163506795462,"model_goals_conceded_lag-defensive_contribution_lag",100,4.9,5,70,"523",66.6,46.1099273909364,"D1","65.1m - 70m"
"16","Jan Paul, van Hecke","Defender",6,5.94163506795462,"model_goals_conceded_lag-defensive_contribution_lag",100,4.9,5,70,"532",65.8,47.9694697189937,"D1","65.1m - 70m"
"17","Jan Paul, van Hecke","Defender",6,5.94163506795462,"model_goals_conceded_lag-defensive_contribution_lag",100,4.9,5,70,"541",68.2,49.5871341470093,"D1","65.1m - 70m"
"18","Jan Paul, van Hecke","Defender",6,5.94163506795462,"model_goals_conceded_lag-defensive_contribution_lag",100,4.9,5,65,"343",64.6,44.8847143278386,"D1","60.1m - 65m"
"19","Jan Paul, van Hecke","Defender",6,5.94163506795462,"model_goals_conceded_lag-defensive_contribution_lag",100,4.9,5,65,"352",64.5,46.1448191383144,"D1","60.1m - 65m"
"20","Jan Paul, van Hecke","Defender",6,5.94163506795462,"model_goals_conceded_lag-defensive_contribution_lag",100,4.9,5,65,"433",64.6,45.5980180548113,"D1","60.1m - 65m"
"21","Jan Paul, van Hecke","Defender",6,5.94163506795462,"model_goals_conceded_lag-defensive_contribution_lag",100,4.9,5,65,"442",65,47.2887928958837,"D1","60.1m - 65m"
"22","Jan Paul, van Hecke","Defender",6,5.94163506795462,"model_goals_conceded_lag-defensive_contribution_lag",100,4.9,5,65,"451",64.5,48.4169955626288,"D1","60.1m - 65m"
"23","Jan Paul, van Hecke","Defender",6,5.94163506795462,"model_goals_conceded_lag-defensive_contribution_lag",100,4.9,5,65,"523",64.8,45.9751474560233,"D1","60.1m - 65m"
"24","Jan Paul, van Hecke","Defender",6,5.94163506795462,"model_goals_conceded_lag-defensive_contribution_lag",100,4.9,5,65,"532",64.1,47.5931597857872,"D1","60.1m - 65m"
"25","Jan Paul, van Hecke","Defender",6,5.94163506795462,"model_goals_conceded_lag-defensive_contribution_lag",100,4.9,5,65,"541",64.1,49.152032483129,"D1","60.1m - 65m"
"26","Micky, van de Ven","Defender",6,5.37116067339579,"model_goals_conceded_lag-defensive_contribution_lag",100,5,11,80,"343",75.1,43.1275346917991,"D1","75.1m - 80m"
"27","Micky, van de Ven","Defender",6,5.37116067339579,"model_goals_conceded_lag-defensive_contribution_lag",100,5,11,80,"352",75.1,46.2327801761173,"D2","75.1m - 80m"
"28","Micky, van de Ven","Defender",6,5.37116067339579,"model_goals_conceded_lag-defensive_contribution_lag",100,5,11,80,"442",75.1,43.2418921145035,"D1","75.1m - 80m"
"29","Micky, van de Ven","Defender",6,5.37116067339579,"model_goals_conceded_lag-defensive_contribution_lag",100,5,11,75,"343",70.6,45.9285410430282,"D2","70.1m - 75m"
"30","Micky, van de Ven","Defender",6,5.37116067339579,"model_goals_conceded_lag-defensive_contribution_lag",100,5,11,75,"352",70.9,47.1453707677043,"D2","70.1m - 75m"
"31","Micky, van de Ven","Defender",6,5.37116067339579,"model_goals_conceded_lag-defensive_contribution_lag",100,5,11,75,"433",70.3,45.8481609764179,"D2","70.1m - 75m"
"32","Micky, van de Ven","Defender",6,5.37116067339579,"model_goals_conceded_lag-defensive_contribution_lag",100,5,11,75,"442",70.9,47.858674494677,"D2","70.1m - 75m"
"33","Micky, van de Ven","Defender",6,5.37116067339579,"model_goals_conceded_lag-defensive_contribution_lag",100,5,11,75,"451",72.9,48.5232188442004,"D2","70.1m - 75m"
"34","Micky, van de Ven","Defender",6,5.37116067339579,"model_goals_conceded_lag-defensive_contribution_lag",100,5,11,75,"523",70.1,44.556695184448,"D2","70.1m - 75m"
"35","Micky, van de Ven","Defender",6,5.37116067339579,"model_goals_conceded_lag-defensive_contribution_lag",100,5,11,75,"532",70.1,46.7236656228818,"D2","70.1m - 75m"
"36","Micky, van de Ven","Defender",6,5.37116067339579,"model_goals_conceded_lag-defensive_contribution_lag",100,5,11,75,"541",71,48.3921361684753,"D2","70.1m - 75m"
"37","Micky, van de Ven","Defender",6,5.37116067339579,"model_goals_conceded_lag-defensive_contribution_lag",100,5,11,70,"343",68.8,45.7937611081152,"D2","65.1m - 70m"
"38","Micky, van de Ven","Defender",6,5.37116067339579,"model_goals_conceded_lag-defensive_contribution_lag",100,5,11,70,"352",68.8,47.3526338054569,"D2","65.1m - 70m"
"39","Micky, van de Ven","Defender",6,5.37116067339579,"model_goals_conceded_lag-defensive_contribution_lag",100,5,11,70,"433",68.5,46.2410100666614,"D2","65.1m - 70m"
"40","Micky, van de Ven","Defender",6,5.37116067339579,"model_goals_conceded_lag-defensive_contribution_lag",100,5,11,70,"442",68.8,48.0659375324297,"D2","65.1m - 70m"
"41","Micky, van de Ven","Defender",6,5.37116067339579,"model_goals_conceded_lag-defensive_contribution_lag",100,5,11,70,"451",69.1,49.2827672571057,"D2","65.1m - 70m"
"42","Micky, van de Ven","Defender",6,5.37116067339579,"model_goals_conceded_lag-defensive_contribution_lag",100,5,11,70,"523",66.6,46.1099273909364,"D2","65.1m - 70m"
"43","Micky, van de Ven","Defender",6,5.37116067339579,"model_goals_conceded_lag-defensive_contribution_lag",100,5,11,70,"532",65.8,47.9694697189937,"D2","65.1m - 70m"
"44","Micky, van de Ven","Defender",6,5.37116067339579,"model_goals_conceded_lag-defensive_contribution_lag",100,5,11,70,"541",68.2,49.5871341470093,"D2","65.1m - 70m"
"45","Micky, van de Ven","Defender",6,5.37116067339579,"model_goals_conceded_lag-defensive_contribution_lag",100,5,11,65,"343",64.6,44.8847143278386,"D2","60.1m - 65m"
"46","Micky, van de Ven","Defender",6,5.37116067339579,"model_goals_conceded_lag-defensive_contribution_lag",100,5,11,65,"352",64.5,46.1448191383144,"D2","60.1m - 65m"
"47","Micky, van de Ven","Defender",6,5.37116067339579,"model_goals_conceded_lag-defensive_contribution_lag",100,5,11,65,"433",64.6,45.5980180548113,"D2","60.1m - 65m"
"48","Micky, van de Ven","Defender",6,5.37116067339579,"model_goals_conceded_lag-defensive_contribution_lag",100,5,11,65,"442",65,47.2887928958837,"D2","60.1m - 65m"
"49","Micky, van de Ven","Defender",6,5.37116067339579,"model_goals_conceded_lag-defensive_contribution_lag",100,5,11,65,"451",64.5,48.4169955626288,"D2","60.1m - 65m"
"50","Micky, van de Ven","Defender",6,5.37116067339579,"model_goals_conceded_lag-defensive_contribution_lag",100,5,11,65,"523",64.8,45.9751474560233,"D2","60.1m - 65m"
"51","Micky, van de Ven","Defender",6,5.37116067339579,"model_goals_conceded_lag-defensive_contribution_lag",100,5,11,65,"532",64.1,47.5931597857872,"D2","60.1m - 65m"
"52","Micky, van de Ven","Defender",6,5.37116067339579,"model_goals_conceded_lag-defensive_contribution_lag",100,5,11,65,"541",64.1,49.152032483129,"D2","60.1m - 65m"
"53","Murillo, Costa dos Santos","Defender",6,4.84690310189565,"model_goals_conceded_lag-defensive_contribution_lag",100,5.5,12,80,"343",75.1,43.1275346917991,"D2","75.1m - 80m"
"54","Murillo, Costa dos Santos","Defender",6,4.84690310189565,"model_goals_conceded_lag-defensive_contribution_lag",100,5.5,12,80,"442",75.1,43.2418921145035,"D2","75.1m - 80m"
"55","Murillo, Costa dos Santos","Defender",6,4.84690310189565,"model_goals_conceded_lag-defensive_contribution_lag",100,5.5,12,75,"343",70.6,45.9285410430282,"D3","70.1m - 75m"
"56","Murillo, Costa dos Santos","Defender",6,4.84690310189565,"model_goals_conceded_lag-defensive_contribution_lag",100,5.5,12,75,"352",70.9,47.1453707677043,"D3","70.1m - 75m"
"57","Murillo, Costa dos Santos","Defender",6,4.84690310189565,"model_goals_conceded_lag-defensive_contribution_lag",100,5.5,12,75,"433",70.3,45.8481609764179,"D3","70.1m - 75m"
"58","Murillo, Costa dos Santos","Defender",6,4.84690310189565,"model_goals_conceded_lag-defensive_contribution_lag",100,5.5,12,75,"442",70.9,47.858674494677,"D3","70.1m - 75m"
"59","Murillo, Costa dos Santos","Defender",6,4.84690310189565,"model_goals_conceded_lag-defensive_contribution_lag",100,5.5,12,75,"451",72.9,48.5232188442004,"D3","70.1m - 75m"
"60","Murillo, Costa dos Santos","Defender",6,4.84690310189565,"model_goals_conceded_lag-defensive_contribution_lag",100,5.5,12,75,"523",70.1,44.556695184448,"D3","70.1m - 75m"
"61","Murillo, Costa dos Santos","Defender",6,4.84690310189565,"model_goals_conceded_lag-defensive_contribution_lag",100,5.5,12,75,"532",70.1,46.7236656228818,"D3","70.1m - 75m"
"62","Murillo, Costa dos Santos","Defender",6,4.84690310189565,"model_goals_conceded_lag-defensive_contribution_lag",100,5.5,12,75,"541",71,48.3921361684753,"D3","70.1m - 75m"
"63","Murillo, Costa dos Santos","Defender",6,4.84690310189565,"model_goals_conceded_lag-defensive_contribution_lag",100,5.5,12,70,"343",68.8,45.7937611081152,"D3","65.1m - 70m"
"64","Murillo, Costa dos Santos","Defender",6,4.84690310189565,"model_goals_conceded_lag-defensive_contribution_lag",100,5.5,12,70,"352",68.8,47.3526338054569,"D3","65.1m - 70m"
"65","Murillo, Costa dos Santos","Defender",6,4.84690310189565,"model_goals_conceded_lag-defensive_contribution_lag",100,5.5,12,70,"433",68.5,46.2410100666614,"D3","65.1m - 70m"
"66","Murillo, Costa dos Santos","Defender",6,4.84690310189565,"model_goals_conceded_lag-defensive_contribution_lag",100,5.5,12,70,"442",68.8,48.0659375324297,"D3","65.1m - 70m"
"67","Murillo, Costa dos Santos","Defender",6,4.84690310189565,"model_goals_conceded_lag-defensive_contribution_lag",100,5.5,12,70,"451",69.1,49.2827672571057,"D3","65.1m - 70m"
"68","Murillo, Costa dos Santos","Defender",6,4.84690310189565,"model_goals_conceded_lag-defensive_contribution_lag",100,5.5,12,70,"523",66.6,46.1099273909364,"D3","65.1m - 70m"
"69","Murillo, Costa dos Santos","Defender",6,4.84690310189565,"model_goals_conceded_lag-defensive_contribution_lag",100,5.5,12,70,"532",65.8,47.9694697189937,"D3","65.1m - 70m"
"70","Murillo, Costa dos Santos","Defender",6,4.84690310189565,"model_goals_conceded_lag-defensive_contribution_lag",100,5.5,12,70,"541",68.2,49.5871341470093,"D3","65.1m - 70m"
"71","Murillo, Costa dos Santos","Defender",6,4.84690310189565,"model_goals_conceded_lag-defensive_contribution_lag",100,5.5,12,65,"343",64.6,44.8847143278386,"D3","60.1m - 65m"
"72","Murillo, Costa dos Santos","Defender",6,4.84690310189565,"model_goals_conceded_lag-defensive_contribution_lag",100,5.5,12,65,"352",64.5,46.1448191383144,"D3","60.1m - 65m"
"73","Murillo, Costa dos Santos","Defender",6,4.84690310189565,"model_goals_conceded_lag-defensive_contribution_lag",100,5.5,12,65,"433",64.6,45.5980180548113,"D3","60.1m - 65m"
"74","Murillo, Costa dos Santos","Defender",6,4.84690310189565,"model_goals_conceded_lag-defensive_contribution_lag",100,5.5,12,65,"442",65,47.2887928958837,"D3","60.1m - 65m"
"75","Murillo, Costa dos Santos","Defender",6,4.84690310189565,"model_goals_conceded_lag-defensive_contribution_lag",100,5.5,12,65,"451",64.5,48.4169955626288,"D3","60.1m - 65m"
"76","Murillo, Costa dos Santos","Defender",6,4.84690310189565,"model_goals_conceded_lag-defensive_contribution_lag",100,5.5,12,65,"523",64.8,45.9751474560233,"D3","60.1m - 65m"
"77","Murillo, Costa dos Santos","Defender",6,4.84690310189565,"model_goals_conceded_lag-defensive_contribution_lag",100,5.5,12,65,"532",64.1,47.5931597857872,"D3","60.1m - 65m"
"78","Murillo, Costa dos Santos","Defender",6,4.84690310189565,"model_goals_conceded_lag-defensive_contribution_lag",100,5.5,12,65,"541",64.1,49.152032483129,"D3","60.1m - 65m"
"79","Matheus, Nunes","Defender",6,4.69386092321394,"model_goals_conceded_lag-defensive_contribution_lag",100,5.9,9,80,"343",75.1,43.1275346917991,"D3","75.1m - 80m"
"80","Matheus, Nunes","Defender",6,4.69386092321394,"model_goals_conceded_lag-defensive_contribution_lag",100,5.9,9,80,"352",75.1,46.2327801761173,"D3","75.1m - 80m"
"81","Matheus, Nunes","Defender",6,4.69386092321394,"model_goals_conceded_lag-defensive_contribution_lag",100,5.9,9,80,"442",75.1,43.2418921145035,"D3","75.1m - 80m"
"82","Matheus, Nunes","Defender",6,4.69386092321394,"model_goals_conceded_lag-defensive_contribution_lag",100,5.9,9,75,"433",70.3,45.8481609764179,"D4","70.1m - 75m"
"83","Matheus, Nunes","Defender",6,4.69386092321394,"model_goals_conceded_lag-defensive_contribution_lag",100,5.9,9,75,"442",70.9,47.858674494677,"D4","70.1m - 75m"
"84","Matheus, Nunes","Defender",6,4.69386092321394,"model_goals_conceded_lag-defensive_contribution_lag",100,5.9,9,75,"451",72.9,48.5232188442004,"D4","70.1m - 75m"
"85","Matheus, Nunes","Defender",6,4.69386092321394,"model_goals_conceded_lag-defensive_contribution_lag",100,5.9,9,75,"523",70.1,44.556695184448,"D4","70.1m - 75m"
"86","Matheus, Nunes","Defender",6,4.69386092321394,"model_goals_conceded_lag-defensive_contribution_lag",100,5.9,9,75,"532",70.1,46.7236656228818,"D4","70.1m - 75m"
"87","Matheus, Nunes","Defender",6,4.69386092321394,"model_goals_conceded_lag-defensive_contribution_lag",100,5.9,9,75,"541",71,48.3921361684753,"D4","70.1m - 75m"
"88","Matheus, Nunes","Defender",6,4.69386092321394,"model_goals_conceded_lag-defensive_contribution_lag",100,5.9,9,70,"433",68.5,46.2410100666614,"D4","65.1m - 70m"
"89","Matheus, Nunes","Defender",6,4.69386092321394,"model_goals_conceded_lag-defensive_contribution_lag",100,5.9,9,70,"442",68.8,48.0659375324297,"D4","65.1m - 70m"
"90","Matheus, Nunes","Defender",6,4.69386092321394,"model_goals_conceded_lag-defensive_contribution_lag",100,5.9,9,70,"451",69.1,49.2827672571057,"D4","65.1m - 70m"
"91","Matheus, Nunes","Defender",6,4.69386092321394,"model_goals_conceded_lag-defensive_contribution_lag",100,5.9,9,70,"523",66.6,46.1099273909364,"D4","65.1m - 70m"
"92","Matheus, Nunes","Defender",6,4.69386092321394,"model_goals_conceded_lag-defensive_contribution_lag",100,5.9,9,70,"532",65.8,47.9694697189937,"D4","65.1m - 70m"
"93","Matheus, Nunes","Defender",6,4.69386092321394,"model_goals_conceded_lag-defensive_contribution_lag",100,5.9,9,70,"541",68.2,49.5871341470093,"D4","65.1m - 70m"
"94","Matheus, Nunes","Defender",6,4.69386092321394,"model_goals_conceded_lag-defensive_contribution_lag",100,5.9,9,65,"433",64.6,45.5980180548113,"D4","60.1m - 65m"
"95","Matheus, Nunes","Defender",6,4.69386092321394,"model_goals_conceded_lag-defensive_contribution_lag",100,5.9,9,65,"442",65,47.2887928958837,"D4","60.1m - 65m"
"96","Matheus, Nunes","Defender",6,4.69386092321394,"model_goals_conceded_lag-defensive_contribution_lag",100,5.9,9,65,"451",64.5,48.4169955626288,"D4","60.1m - 65m"
"97","Matheus, Nunes","Defender",6,4.69386092321394,"model_goals_conceded_lag-defensive_contribution_lag",100,5.9,9,65,"523",64.8,45.9751474560233,"D4","60.1m - 65m"
"98","Matheus, Nunes","Defender",6,4.69386092321394,"model_goals_conceded_lag-defensive_contribution_lag",100,5.9,9,65,"532",64.1,47.5931597857872,"D4","60.1m - 65m"
"99","Matheus, Nunes","Defender",6,4.69386092321394,"model_goals_conceded_lag-defensive_contribution_lag",100,5.9,9,65,"541",64.1,49.152032483129,"D4","60.1m - 65m"
"100","Antoine, Semenyo","Midfielder",6,4.68788528802244,"model_influence_lag-ict_threat_lag",75,8.4,2,80,"343",75.1,43.1275346917991,"M1","75.1m - 80m"
"101","Antoine, Semenyo","Midfielder",6,4.68788528802244,"model_influence_lag-ict_threat_lag",75,8.4,2,80,"352",75.1,46.2327801761173,"M1","75.1m - 80m"
"102","Antoine, Semenyo","Midfielder",6,4.68788528802244,"model_influence_lag-ict_threat_lag",75,8.4,2,80,"442",75.1,43.2418921145035,"M1","75.1m - 80m"
"103","Antoine, Semenyo","Midfielder",6,4.68788528802244,"model_influence_lag-ict_threat_lag",75,8.4,2,75,"343",70.6,45.9285410430282,"M1","70.1m - 75m"
"104","Antoine, Semenyo","Midfielder",6,4.68788528802244,"model_influence_lag-ict_threat_lag",75,8.4,2,75,"352",70.9,47.1453707677043,"M1","70.1m - 75m"
"105","Antoine, Semenyo","Midfielder",6,4.68788528802244,"model_influence_lag-ict_threat_lag",75,8.4,2,75,"433",70.3,45.8481609764179,"M1","70.1m - 75m"
"106","Antoine, Semenyo","Midfielder",6,4.68788528802244,"model_influence_lag-ict_threat_lag",75,8.4,2,75,"442",70.9,47.858674494677,"M1","70.1m - 75m"
"107","Antoine, Semenyo","Midfielder",6,4.68788528802244,"model_influence_lag-ict_threat_lag",75,8.4,2,75,"451",72.9,48.5232188442004,"M1","70.1m - 75m"
"108","Antoine, Semenyo","Midfielder",6,4.68788528802244,"model_influence_lag-ict_threat_lag",75,8.4,2,75,"523",70.1,44.556695184448,"M1","70.1m - 75m"
"109","Antoine, Semenyo","Midfielder",6,4.68788528802244,"model_influence_lag-ict_threat_lag",75,8.4,2,75,"532",70.1,46.7236656228818,"M1","70.1m - 75m"
"110","Antoine, Semenyo","Midfielder",6,4.68788528802244,"model_influence_lag-ict_threat_lag",75,8.4,2,75,"541",71,48.3921361684753,"M1","70.1m - 75m"
"111","Antoine, Semenyo","Midfielder",6,4.68788528802244,"model_influence_lag-ict_threat_lag",75,8.4,2,70,"343",68.8,45.7937611081152,"M1","65.1m - 70m"
"112","Antoine, Semenyo","Midfielder",6,4.68788528802244,"model_influence_lag-ict_threat_lag",75,8.4,2,70,"352",68.8,47.3526338054569,"M1","65.1m - 70m"
"113","Antoine, Semenyo","Midfielder",6,4.68788528802244,"model_influence_lag-ict_threat_lag",75,8.4,2,70,"433",68.5,46.2410100666614,"M1","65.1m - 70m"
"114","Antoine, Semenyo","Midfielder",6,4.68788528802244,"model_influence_lag-ict_threat_lag",75,8.4,2,70,"442",68.8,48.0659375324297,"M1","65.1m - 70m"
"115","Antoine, Semenyo","Midfielder",6,4.68788528802244,"model_influence_lag-ict_threat_lag",75,8.4,2,70,"451",69.1,49.2827672571057,"M1","65.1m - 70m"
"116","Antoine, Semenyo","Midfielder",6,4.68788528802244,"model_influence_lag-ict_threat_lag",75,8.4,2,70,"523",66.6,46.1099273909364,"M1","65.1m - 70m"
"117","Antoine, Semenyo","Midfielder",6,4.68788528802244,"model_influence_lag-ict_threat_lag",75,8.4,2,70,"532",65.8,47.9694697189937,"M1","65.1m - 70m"
"118","Antoine, Semenyo","Midfielder",6,4.68788528802244,"model_influence_lag-ict_threat_lag",75,8.4,2,70,"541",68.2,49.5871341470093,"M1","65.1m - 70m"
"119","Antoine, Semenyo","Midfielder",6,4.68788528802244,"model_influence_lag-ict_threat_lag",75,8.4,2,65,"343",64.6,44.8847143278386,"M1","60.1m - 65m"
"120","Antoine, Semenyo","Midfielder",6,4.68788528802244,"model_influence_lag-ict_threat_lag",75,8.4,2,65,"352",64.5,46.1448191383144,"M1","60.1m - 65m"
"121","Antoine, Semenyo","Midfielder",6,4.68788528802244,"model_influence_lag-ict_threat_lag",75,8.4,2,65,"433",64.6,45.5980180548113,"M1","60.1m - 65m"
"122","Antoine, Semenyo","Midfielder",6,4.68788528802244,"model_influence_lag-ict_threat_lag",75,8.4,2,65,"442",65,47.2887928958837,"M1","60.1m - 65m"
"123","Antoine, Semenyo","Midfielder",6,4.68788528802244,"model_influence_lag-ict_threat_lag",75,8.4,2,65,"451",64.5,48.4169955626288,"M1","60.1m - 65m"
"124","Antoine, Semenyo","Midfielder",6,4.68788528802244,"model_influence_lag-ict_threat_lag",75,8.4,2,65,"523",64.8,45.9751474560233,"M1","60.1m - 65m"
"125","Antoine, Semenyo","Midfielder",6,4.68788528802244,"model_influence_lag-ict_threat_lag",75,8.4,2,65,"532",64.1,47.5931597857872,"M1","60.1m - 65m"
"126","Antoine, Semenyo","Midfielder",6,4.68788528802244,"model_influence_lag-ict_threat_lag",75,8.4,2,65,"541",64.1,49.152032483129,"M1","60.1m - 65m"
"127","Sávio, Moreira de Oliveira","Midfielder",6,4.43219801715865,"model_influence_lag-ict_threat_lag",100,6.5,14,80,"352",75.1,46.2327801761173,"M2","75.1m - 80m"
"128","Sávio, Moreira de Oliveira","Midfielder",6,4.43219801715865,"model_influence_lag-ict_threat_lag",100,6.5,14,75,"343",70.6,45.9285410430282,"M2","70.1m - 75m"
"129","Sávio, Moreira de Oliveira","Midfielder",6,4.43219801715865,"model_influence_lag-ict_threat_lag",100,6.5,14,75,"352",70.9,47.1453707677043,"M2","70.1m - 75m"
"130","Sávio, Moreira de Oliveira","Midfielder",6,4.43219801715865,"model_influence_lag-ict_threat_lag",100,6.5,14,75,"442",70.9,47.858674494677,"M2","70.1m - 75m"
"131","Sávio, Moreira de Oliveira","Midfielder",6,4.43219801715865,"model_influence_lag-ict_threat_lag",100,6.5,14,75,"451",72.9,48.5232188442004,"M2","70.1m - 75m"
"132","Sávio, Moreira de Oliveira","Midfielder",6,4.43219801715865,"model_influence_lag-ict_threat_lag",100,6.5,14,75,"541",71,48.3921361684753,"M2","70.1m - 75m"
"133","Sávio, Moreira de Oliveira","Midfielder",6,4.43219801715865,"model_influence_lag-ict_threat_lag",100,6.5,14,70,"343",68.8,45.7937611081152,"M2","65.1m - 70m"
"134","Sávio, Moreira de Oliveira","Midfielder",6,4.43219801715865,"model_influence_lag-ict_threat_lag",100,6.5,14,70,"352",68.8,47.3526338054569,"M2","65.1m - 70m"
"135","Sávio, Moreira de Oliveira","Midfielder",6,4.43219801715865,"model_influence_lag-ict_threat_lag",100,6.5,14,70,"433",68.5,46.2410100666614,"M2","65.1m - 70m"
"136","Sávio, Moreira de Oliveira","Midfielder",6,4.43219801715865,"model_influence_lag-ict_threat_lag",100,6.5,14,70,"442",68.8,48.0659375324297,"M2","65.1m - 70m"
"137","Sávio, Moreira de Oliveira","Midfielder",6,4.43219801715865,"model_influence_lag-ict_threat_lag",100,6.5,14,70,"451",69.1,49.2827672571057,"M2","65.1m - 70m"
"138","Sávio, Moreira de Oliveira","Midfielder",6,4.43219801715865,"model_influence_lag-ict_threat_lag",100,6.5,14,70,"523",66.6,46.1099273909364,"M2","65.1m - 70m"
"139","Sávio, Moreira de Oliveira","Midfielder",6,4.43219801715865,"model_influence_lag-ict_threat_lag",100,6.5,14,70,"532",65.8,47.9694697189937,"M2","65.1m - 70m"
"140","Sávio, Moreira de Oliveira","Midfielder",6,4.43219801715865,"model_influence_lag-ict_threat_lag",100,6.5,14,70,"541",68.2,49.5871341470093,"M2","65.1m - 70m"
"141","Sávio, Moreira de Oliveira","Midfielder",6,4.43219801715865,"model_influence_lag-ict_threat_lag",100,6.5,14,65,"343",64.6,44.8847143278386,"M2","60.1m - 65m"
"142","Sávio, Moreira de Oliveira","Midfielder",6,4.43219801715865,"model_influence_lag-ict_threat_lag",100,6.5,14,65,"352",64.5,46.1448191383144,"M2","60.1m - 65m"
"143","Sávio, Moreira de Oliveira","Midfielder",6,4.43219801715865,"model_influence_lag-ict_threat_lag",100,6.5,14,65,"433",64.6,45.5980180548113,"M2","60.1m - 65m"
"144","Sávio, Moreira de Oliveira","Midfielder",6,4.43219801715865,"model_influence_lag-ict_threat_lag",100,6.5,14,65,"442",65,47.2887928958837,"M2","60.1m - 65m"
"145","Sávio, Moreira de Oliveira","Midfielder",6,4.43219801715865,"model_influence_lag-ict_threat_lag",100,6.5,14,65,"451",64.5,48.4169955626288,"M2","60.1m - 65m"
"146","Sávio, Moreira de Oliveira","Midfielder",6,4.43219801715865,"model_influence_lag-ict_threat_lag",100,6.5,14,65,"523",64.8,45.9751474560233,"M2","60.1m - 65m"
"147","Sávio, Moreira de Oliveira","Midfielder",6,4.43219801715865,"model_influence_lag-ict_threat_lag",100,6.5,14,65,"532",64.1,47.5931597857872,"M2","60.1m - 65m"
"148","Sávio, Moreira de Oliveira","Midfielder",6,4.43219801715865,"model_influence_lag-ict_threat_lag",100,6.5,14,65,"541",64.1,49.152032483129,"M2","60.1m - 65m"
"149","Marcus, Rashford","Midfielder",6,4.41600676186982,"model_influence_lag-ict_threat_lag",75,6.9,10,80,"343",75.1,43.1275346917991,"M2","75.1m - 80m"
"150","Marcus, Rashford","Midfielder",6,4.41600676186982,"model_influence_lag-ict_threat_lag",75,6.9,10,80,"352",75.1,46.2327801761173,"M3","75.1m - 80m"
"151","Marcus, Rashford","Midfielder",6,4.41600676186982,"model_influence_lag-ict_threat_lag",75,6.9,10,75,"343",70.6,45.9285410430282,"M3","70.1m - 75m"
"152","Marcus, Rashford","Midfielder",6,4.41600676186982,"model_influence_lag-ict_threat_lag",75,6.9,10,75,"352",70.9,47.1453707677043,"M3","70.1m - 75m"
"153","Marcus, Rashford","Midfielder",6,4.41600676186982,"model_influence_lag-ict_threat_lag",75,6.9,10,75,"433",70.3,45.8481609764179,"M2","70.1m - 75m"
"154","Marcus, Rashford","Midfielder",6,4.41600676186982,"model_influence_lag-ict_threat_lag",75,6.9,10,75,"442",70.9,47.858674494677,"M3","70.1m - 75m"
"155","Marcus, Rashford","Midfielder",6,4.41600676186982,"model_influence_lag-ict_threat_lag",75,6.9,10,75,"451",72.9,48.5232188442004,"M3","70.1m - 75m"
"156","Marcus, Rashford","Midfielder",6,4.41600676186982,"model_influence_lag-ict_threat_lag",75,6.9,10,70,"343",68.8,45.7937611081152,"M3","65.1m - 70m"
"157","Marcus, Rashford","Midfielder",6,4.41600676186982,"model_influence_lag-ict_threat_lag",75,6.9,10,70,"352",68.8,47.3526338054569,"M3","65.1m - 70m"
"158","Marcus, Rashford","Midfielder",6,4.41600676186982,"model_influence_lag-ict_threat_lag",75,6.9,10,70,"433",68.5,46.2410100666614,"M3","65.1m - 70m"
"159","Marcus, Rashford","Midfielder",6,4.41600676186982,"model_influence_lag-ict_threat_lag",75,6.9,10,70,"442",68.8,48.0659375324297,"M3","65.1m - 70m"
"160","Marcus, Rashford","Midfielder",6,4.41600676186982,"model_influence_lag-ict_threat_lag",75,6.9,10,70,"451",69.1,49.2827672571057,"M3","65.1m - 70m"
"161","Marcus, Rashford","Midfielder",6,4.41600676186982,"model_influence_lag-ict_threat_lag",75,6.9,10,70,"532",65.8,47.9694697189937,"M3","65.1m - 70m"
"162","Marcus, Rashford","Midfielder",6,4.41600676186982,"model_influence_lag-ict_threat_lag",75,6.9,10,70,"541",68.2,49.5871341470093,"M3","65.1m - 70m"
"163","Marcus, Rashford","Midfielder",6,4.41600676186982,"model_influence_lag-ict_threat_lag",75,6.9,10,65,"343",64.6,44.8847143278386,"M3","60.1m - 65m"
"164","Marcus, Rashford","Midfielder",6,4.41600676186982,"model_influence_lag-ict_threat_lag",75,6.9,10,65,"352",64.5,46.1448191383144,"M3","60.1m - 65m"
"165","Marcus, Rashford","Midfielder",6,4.41600676186982,"model_influence_lag-ict_threat_lag",75,6.9,10,65,"433",64.6,45.5980180548113,"M3","60.1m - 65m"
"166","Marcus, Rashford","Midfielder",6,4.41600676186982,"model_influence_lag-ict_threat_lag",75,6.9,10,65,"442",65,47.2887928958837,"M3","60.1m - 65m"
"167","Marcus, Rashford","Midfielder",6,4.41600676186982,"model_influence_lag-ict_threat_lag",75,6.9,10,65,"451",64.5,48.4169955626288,"M3","60.1m - 65m"
"168","Marcus, Rashford","Midfielder",6,4.41600676186982,"model_influence_lag-ict_threat_lag",75,6.9,10,65,"532",64.1,47.5931597857872,"M3","60.1m - 65m"
"169","Marcus, Rashford","Midfielder",6,4.41600676186982,"model_influence_lag-ict_threat_lag",75,6.9,10,65,"541",64.1,49.152032483129,"M3","60.1m - 65m"
"170","Morgan, Gibbs-White","Midfielder",6,4.38139189958075,"model_influence_lag-ict_threat_lag",100,8,12,80,"343",75.1,43.1275346917991,"M3","75.1m - 80m"
"171","Morgan, Gibbs-White","Midfielder",6,4.38139189958075,"model_influence_lag-ict_threat_lag",100,8,12,80,"352",75.1,46.2327801761173,"M4","75.1m - 80m"
"172","Morgan, Gibbs-White","Midfielder",6,4.38139189958075,"model_influence_lag-ict_threat_lag",100,8,12,80,"442",75.1,43.2418921145035,"M2","75.1m - 80m"
"173","Morgan, Gibbs-White","Midfielder",6,4.38139189958075,"model_influence_lag-ict_threat_lag",100,8,12,75,"343",70.6,45.9285410430282,"M4","70.1m - 75m"
"174","Morgan, Gibbs-White","Midfielder",6,4.38139189958075,"model_influence_lag-ict_threat_lag",100,8,12,75,"352",70.9,47.1453707677043,"M4","70.1m - 75m"
"175","Morgan, Gibbs-White","Midfielder",6,4.38139189958075,"model_influence_lag-ict_threat_lag",100,8,12,75,"433",70.3,45.8481609764179,"M3","70.1m - 75m"
"176","Morgan, Gibbs-White","Midfielder",6,4.38139189958075,"model_influence_lag-ict_threat_lag",100,8,12,75,"442",70.9,47.858674494677,"M4","70.1m - 75m"
"177","Morgan, Gibbs-White","Midfielder",6,4.38139189958075,"model_influence_lag-ict_threat_lag",100,8,12,75,"451",72.9,48.5232188442004,"M4","70.1m - 75m"
"178","Morgan, Gibbs-White","Midfielder",6,4.38139189958075,"model_influence_lag-ict_threat_lag",100,8,12,75,"532",70.1,46.7236656228818,"M2","70.1m - 75m"
"179","Morgan, Gibbs-White","Midfielder",6,4.38139189958075,"model_influence_lag-ict_threat_lag",100,8,12,75,"541",71,48.3921361684753,"M3","70.1m - 75m"
"180","Morgan, Gibbs-White","Midfielder",6,4.38139189958075,"model_influence_lag-ict_threat_lag",100,8,12,70,"343",68.8,45.7937611081152,"M4","65.1m - 70m"
"181","Morgan, Gibbs-White","Midfielder",6,4.38139189958075,"model_influence_lag-ict_threat_lag",100,8,12,70,"352",68.8,47.3526338054569,"M4","65.1m - 70m"
"182","Morgan, Gibbs-White","Midfielder",6,4.38139189958075,"model_influence_lag-ict_threat_lag",100,8,12,70,"442",68.8,48.0659375324297,"M4","65.1m - 70m"
"183","Morgan, Gibbs-White","Midfielder",6,4.38139189958075,"model_influence_lag-ict_threat_lag",100,8,12,70,"451",69.1,49.2827672571057,"M4","65.1m - 70m"
"184","Morgan, Gibbs-White","Midfielder",6,4.38139189958075,"model_influence_lag-ict_threat_lag",100,8,12,70,"541",68.2,49.5871341470093,"M4","65.1m - 70m"
"185","Jeremy, Jacquet","Defender",6,4.28492408614476,"model_goals_conceded_lag-defensive_contribution_lag",100,5,6,75,"523",70.1,44.556695184448,"D5","70.1m - 75m"
"186","Jeremy, Jacquet","Defender",6,4.28492408614476,"model_goals_conceded_lag-defensive_contribution_lag",100,5,6,75,"532",70.1,46.7236656228818,"D5","70.1m - 75m"
"187","Jeremy, Jacquet","Defender",6,4.28492408614476,"model_goals_conceded_lag-defensive_contribution_lag",100,5,6,75,"541",71,48.3921361684753,"D5","70.1m - 75m"
"188","Jeremy, Jacquet","Defender",6,4.28492408614476,"model_goals_conceded_lag-defensive_contribution_lag",100,5,6,70,"523",66.6,46.1099273909364,"D5","65.1m - 70m"
"189","Jeremy, Jacquet","Defender",6,4.28492408614476,"model_goals_conceded_lag-defensive_contribution_lag",100,5,6,70,"532",65.8,47.9694697189937,"D5","65.1m - 70m"
"190","Jeremy, Jacquet","Defender",6,4.28492408614476,"model_goals_conceded_lag-defensive_contribution_lag",100,5,6,70,"541",68.2,49.5871341470093,"D5","65.1m - 70m"
"191","Jeremy, Jacquet","Defender",6,4.28492408614476,"model_goals_conceded_lag-defensive_contribution_lag",100,5,6,65,"523",64.8,45.9751474560233,"D5","60.1m - 65m"
"192","Jeremy, Jacquet","Defender",6,4.28492408614476,"model_goals_conceded_lag-defensive_contribution_lag",100,5,6,65,"532",64.1,47.5931597857872,"D5","60.1m - 65m"
"193","Jeremy, Jacquet","Defender",6,4.28492408614476,"model_goals_conceded_lag-defensive_contribution_lag",100,5,6,65,"541",64.1,49.152032483129,"D5","60.1m - 65m"
"194","Johan, Manzambi","Midfielder",6,3.98055719624122,"model_influence_lag-ict_threat_lag",100,5.9,7,75,"352",70.9,47.1453707677043,"M5","70.1m - 75m"
"195","Johan, Manzambi","Midfielder",6,3.98055719624122,"model_influence_lag-ict_threat_lag",100,5.9,7,70,"352",68.8,47.3526338054569,"M5","65.1m - 70m"
"196","Johan, Manzambi","Midfielder",6,3.98055719624122,"model_influence_lag-ict_threat_lag",100,5.9,7,70,"451",69.1,49.2827672571057,"M5","65.1m - 70m"
"197","Johan, Manzambi","Midfielder",6,3.98055719624122,"model_influence_lag-ict_threat_lag",100,5.9,7,65,"343",64.6,44.8847143278386,"M4","60.1m - 65m"
"198","Johan, Manzambi","Midfielder",6,3.98055719624122,"model_influence_lag-ict_threat_lag",100,5.9,7,65,"352",64.5,46.1448191383144,"M4","60.1m - 65m"
"199","Johan, Manzambi","Midfielder",6,3.98055719624122,"model_influence_lag-ict_threat_lag",100,5.9,7,65,"442",65,47.2887928958837,"M4","60.1m - 65m"
"200","Johan, Manzambi","Midfielder",6,3.98055719624122,"model_influence_lag-ict_threat_lag",100,5.9,7,65,"451",64.5,48.4169955626288,"M4","60.1m - 65m"
"201","Johan, Manzambi","Midfielder",6,3.98055719624122,"model_influence_lag-ict_threat_lag",100,5.9,7,65,"541",64.1,49.152032483129,"M4","60.1m - 65m"
"202","Nordi, Mukiele","Defender",6,3.77570589608954,"model_goals_conceded_lag-defensive_contribution_lag",100,5.4,14,80,"442",75.1,43.2418921145035,"D4","75.1m - 80m"
"203","Karl, Darlow","Goalkeeper",6,3.73317389566694,"model_recoveries_lag-x_a_lag",75,4.5,1,80,"343",75.1,43.1275346917991,"G1","75.1m - 80m"
"204","Karl, Darlow","Goalkeeper",6,3.73317389566694,"model_recoveries_lag-x_a_lag",75,4.5,1,80,"352",75.1,46.2327801761173,"G1","75.1m - 80m"
"205","Karl, Darlow","Goalkeeper",6,3.73317389566694,"model_recoveries_lag-x_a_lag",75,4.5,1,80,"442",75.1,43.2418921145035,"G1","75.1m - 80m"
"206","Karl, Darlow","Goalkeeper",6,3.73317389566694,"model_recoveries_lag-x_a_lag",75,4.5,1,75,"343",70.6,45.9285410430282,"G1","70.1m - 75m"
"207","Karl, Darlow","Goalkeeper",6,3.73317389566694,"model_recoveries_lag-x_a_lag",75,4.5,1,75,"352",70.9,47.1453707677043,"G1","70.1m - 75m"
"208","Karl, Darlow","Goalkeeper",6,3.73317389566694,"model_recoveries_lag-x_a_lag",75,4.5,1,75,"433",70.3,45.8481609764179,"G1","70.1m - 75m"
"209","Karl, Darlow","Goalkeeper",6,3.73317389566694,"model_recoveries_lag-x_a_lag",75,4.5,1,75,"442",70.9,47.858674494677,"G1","70.1m - 75m"
"210","Karl, Darlow","Goalkeeper",6,3.73317389566694,"model_recoveries_lag-x_a_lag",75,4.5,1,75,"451",72.9,48.5232188442004,"G1","70.1m - 75m"
"211","Karl, Darlow","Goalkeeper",6,3.73317389566694,"model_recoveries_lag-x_a_lag",75,4.5,1,75,"523",70.1,44.556695184448,"G1","70.1m - 75m"
"212","Karl, Darlow","Goalkeeper",6,3.73317389566694,"model_recoveries_lag-x_a_lag",75,4.5,1,75,"532",70.1,46.7236656228818,"G1","70.1m - 75m"
"213","Karl, Darlow","Goalkeeper",6,3.73317389566694,"model_recoveries_lag-x_a_lag",75,4.5,1,75,"541",71,48.3921361684753,"G1","70.1m - 75m"
"214","Karl, Darlow","Goalkeeper",6,3.73317389566694,"model_recoveries_lag-x_a_lag",75,4.5,1,70,"343",68.8,45.7937611081152,"G1","65.1m - 70m"
"215","Karl, Darlow","Goalkeeper",6,3.73317389566694,"model_recoveries_lag-x_a_lag",75,4.5,1,70,"352",68.8,47.3526338054569,"G1","65.1m - 70m"
"216","Karl, Darlow","Goalkeeper",6,3.73317389566694,"model_recoveries_lag-x_a_lag",75,4.5,1,70,"433",68.5,46.2410100666614,"G1","65.1m - 70m"
"217","Karl, Darlow","Goalkeeper",6,3.73317389566694,"model_recoveries_lag-x_a_lag",75,4.5,1,70,"442",68.8,48.0659375324297,"G1","65.1m - 70m"
"218","Karl, Darlow","Goalkeeper",6,3.73317389566694,"model_recoveries_lag-x_a_lag",75,4.5,1,70,"451",69.1,49.2827672571057,"G1","65.1m - 70m"
"219","Karl, Darlow","Goalkeeper",6,3.73317389566694,"model_recoveries_lag-x_a_lag",75,4.5,1,70,"523",66.6,46.1099273909364,"G1","65.1m - 70m"
"220","Karl, Darlow","Goalkeeper",6,3.73317389566694,"model_recoveries_lag-x_a_lag",75,4.5,1,70,"532",65.8,47.9694697189937,"G1","65.1m - 70m"
"221","Karl, Darlow","Goalkeeper",6,3.73317389566694,"model_recoveries_lag-x_a_lag",75,4.5,1,70,"541",68.2,49.5871341470093,"G1","65.1m - 70m"
"222","Karl, Darlow","Goalkeeper",6,3.73317389566694,"model_recoveries_lag-x_a_lag",75,4.5,1,65,"343",64.6,44.8847143278386,"G1","60.1m - 65m"
"223","Karl, Darlow","Goalkeeper",6,3.73317389566694,"model_recoveries_lag-x_a_lag",75,4.5,1,65,"352",64.5,46.1448191383144,"G1","60.1m - 65m"
"224","Karl, Darlow","Goalkeeper",6,3.73317389566694,"model_recoveries_lag-x_a_lag",75,4.5,1,65,"433",64.6,45.5980180548113,"G1","60.1m - 65m"
"225","Karl, Darlow","Goalkeeper",6,3.73317389566694,"model_recoveries_lag-x_a_lag",75,4.5,1,65,"442",65,47.2887928958837,"G1","60.1m - 65m"
"226","Karl, Darlow","Goalkeeper",6,3.73317389566694,"model_recoveries_lag-x_a_lag",75,4.5,1,65,"451",64.5,48.4169955626288,"G1","60.1m - 65m"
"227","Karl, Darlow","Goalkeeper",6,3.73317389566694,"model_recoveries_lag-x_a_lag",75,4.5,1,65,"523",64.8,45.9751474560233,"G1","60.1m - 65m"
"228","Karl, Darlow","Goalkeeper",6,3.73317389566694,"model_recoveries_lag-x_a_lag",75,4.5,1,65,"532",64.1,47.5931597857872,"G1","60.1m - 65m"
"229","Karl, Darlow","Goalkeeper",6,3.73317389566694,"model_recoveries_lag-x_a_lag",75,4.5,1,65,"541",64.1,49.152032483129,"G1","60.1m - 65m"
"230","Yasin, Ayari","Midfielder",6,3.54988716564462,"model_influence_lag-ict_threat_lag",100,5.4,15,65,"352",64.5,46.1448191383144,"M5","60.1m - 65m"
"231","Yasin, Ayari","Midfielder",6,3.54988716564462,"model_influence_lag-ict_threat_lag",100,5.4,15,65,"451",64.5,48.4169955626288,"M5","60.1m - 65m"
"232","Cole, Palmer","Midfielder",6,3.22100878333589,"model_influence_lag-ict_threat_lag",100,9.7,3,80,"343",75.1,43.1275346917991,"M4","75.1m - 80m"
"233","Cole, Palmer","Midfielder",6,3.22100878333589,"model_influence_lag-ict_threat_lag",100,9.7,3,80,"352",75.1,46.2327801761173,"M5","75.1m - 80m"
"234","Cole, Palmer","Midfielder",6,3.22100878333589,"model_influence_lag-ict_threat_lag",100,9.7,3,80,"442",75.1,43.2418921145035,"M3","75.1m - 80m"
"235","Cole, Palmer","Midfielder",6,3.22100878333589,"model_influence_lag-ict_threat_lag",100,9.7,3,75,"451",72.9,48.5232188442004,"M5","70.1m - 75m"
"236","Cole, Palmer","Midfielder",6,3.22100878333589,"model_influence_lag-ict_threat_lag",100,9.7,3,75,"523",70.1,44.556695184448,"M2","70.1m - 75m"
"237","Cole, Palmer","Midfielder",6,3.22100878333589,"model_influence_lag-ict_threat_lag",100,9.7,3,75,"532",70.1,46.7236656228818,"M3","70.1m - 75m"
"238","Cole, Palmer","Midfielder",6,3.22100878333589,"model_influence_lag-ict_threat_lag",100,9.7,3,75,"541",71,48.3921361684753,"M4","70.1m - 75m"
"239","Declan, Rice","Midfielder",6,3.17634278738417,"model_influence_lag-ict_threat_lag",75,7.4,4,80,"442",75.1,43.2418921145035,"M4","75.1m - 80m"
"240","Kai, Havertz","Forward",6,2.79799443210592,"model_yellow_cards_lag-recoveries_lag",75,7.6,8,80,"343",75.1,43.1275346917991,"F1","75.1m - 80m"
"241","Kai, Havertz","Forward",6,2.79799443210592,"model_yellow_cards_lag-recoveries_lag",75,7.6,8,80,"352",75.1,46.2327801761173,"F1","75.1m - 80m"
"242","Kai, Havertz","Forward",6,2.79799443210592,"model_yellow_cards_lag-recoveries_lag",75,7.6,8,80,"442",75.1,43.2418921145035,"F1","75.1m - 80m"
"243","Kai, Havertz","Forward",6,2.79799443210592,"model_yellow_cards_lag-recoveries_lag",75,7.6,8,75,"343",70.6,45.9285410430282,"F1","70.1m - 75m"
"244","Kai, Havertz","Forward",6,2.79799443210592,"model_yellow_cards_lag-recoveries_lag",75,7.6,8,75,"352",70.9,47.1453707677043,"F1","70.1m - 75m"
"245","Kai, Havertz","Forward",6,2.79799443210592,"model_yellow_cards_lag-recoveries_lag",75,7.6,8,75,"433",70.3,45.8481609764179,"F1","70.1m - 75m"
"246","Kai, Havertz","Forward",6,2.79799443210592,"model_yellow_cards_lag-recoveries_lag",75,7.6,8,75,"442",70.9,47.858674494677,"F1","70.1m - 75m"
"247","Kai, Havertz","Forward",6,2.79799443210592,"model_yellow_cards_lag-recoveries_lag",75,7.6,8,75,"451",72.9,48.5232188442004,"F1","70.1m - 75m"
"248","Kai, Havertz","Forward",6,2.79799443210592,"model_yellow_cards_lag-recoveries_lag",75,7.6,8,75,"523",70.1,44.556695184448,"F1","70.1m - 75m"
"249","Kai, Havertz","Forward",6,2.79799443210592,"model_yellow_cards_lag-recoveries_lag",75,7.6,8,75,"532",70.1,46.7236656228818,"F1","70.1m - 75m"
"250","Kai, Havertz","Forward",6,2.79799443210592,"model_yellow_cards_lag-recoveries_lag",75,7.6,8,75,"541",71,48.3921361684753,"F1","70.1m - 75m"
"251","Kai, Havertz","Forward",6,2.79799443210592,"model_yellow_cards_lag-recoveries_lag",75,7.6,8,70,"343",68.8,45.7937611081152,"F1","65.1m - 70m"
"252","Kai, Havertz","Forward",6,2.79799443210592,"model_yellow_cards_lag-recoveries_lag",75,7.6,8,70,"352",68.8,47.3526338054569,"F1","65.1m - 70m"
"253","Kai, Havertz","Forward",6,2.79799443210592,"model_yellow_cards_lag-recoveries_lag",75,7.6,8,70,"433",68.5,46.2410100666614,"F1","65.1m - 70m"
"254","Kai, Havertz","Forward",6,2.79799443210592,"model_yellow_cards_lag-recoveries_lag",75,7.6,8,70,"442",68.8,48.0659375324297,"F1","65.1m - 70m"
"255","Kai, Havertz","Forward",6,2.79799443210592,"model_yellow_cards_lag-recoveries_lag",75,7.6,8,70,"451",69.1,49.2827672571057,"F1","65.1m - 70m"
"256","Kai, Havertz","Forward",6,2.79799443210592,"model_yellow_cards_lag-recoveries_lag",75,7.6,8,70,"523",66.6,46.1099273909364,"F1","65.1m - 70m"
"257","Kai, Havertz","Forward",6,2.79799443210592,"model_yellow_cards_lag-recoveries_lag",75,7.6,8,70,"532",65.8,47.9694697189937,"F1","65.1m - 70m"
"258","Kai, Havertz","Forward",6,2.79799443210592,"model_yellow_cards_lag-recoveries_lag",75,7.6,8,70,"541",68.2,49.5871341470093,"F1","65.1m - 70m"
"259","Kai, Havertz","Forward",6,2.79799443210592,"model_yellow_cards_lag-recoveries_lag",75,7.6,8,65,"523",64.8,45.9751474560233,"F1","60.1m - 65m"
"260","Emersonn, Correia da Silva","Forward",6,2.76372747156514,"model_yellow_cards_lag-recoveries_lag",100,5.6,4,75,"343",70.6,45.9285410430282,"F2","70.1m - 75m"
"261","Emersonn, Correia da Silva","Forward",6,2.76372747156514,"model_yellow_cards_lag-recoveries_lag",100,5.6,4,75,"532",70.1,46.7236656228818,"F2","70.1m - 75m"
"262","Emersonn, Correia da Silva","Forward",6,2.76372747156514,"model_yellow_cards_lag-recoveries_lag",100,5.6,4,70,"343",68.8,45.7937611081152,"F2","65.1m - 70m"
"263","Emersonn, Correia da Silva","Forward",6,2.76372747156514,"model_yellow_cards_lag-recoveries_lag",100,5.6,4,70,"352",68.8,47.3526338054569,"F2","65.1m - 70m"
"264","Emersonn, Correia da Silva","Forward",6,2.76372747156514,"model_yellow_cards_lag-recoveries_lag",100,5.6,4,70,"433",68.5,46.2410100666614,"F2","65.1m - 70m"
"265","Emersonn, Correia da Silva","Forward",6,2.76372747156514,"model_yellow_cards_lag-recoveries_lag",100,5.6,4,70,"442",68.8,48.0659375324297,"F2","65.1m - 70m"
"266","Emersonn, Correia da Silva","Forward",6,2.76372747156514,"model_yellow_cards_lag-recoveries_lag",100,5.6,4,70,"523",66.6,46.1099273909364,"F2","65.1m - 70m"
"267","Emersonn, Correia da Silva","Forward",6,2.76372747156514,"model_yellow_cards_lag-recoveries_lag",100,5.6,4,70,"532",65.8,47.9694697189937,"F2","65.1m - 70m"
"268","Emersonn, Correia da Silva","Forward",6,2.76372747156514,"model_yellow_cards_lag-recoveries_lag",100,5.6,4,65,"343",64.6,44.8847143278386,"F1","60.1m - 65m"
"269","Emersonn, Correia da Silva","Forward",6,2.76372747156514,"model_yellow_cards_lag-recoveries_lag",100,5.6,4,65,"352",64.5,46.1448191383144,"F1","60.1m - 65m"
"270","Emersonn, Correia da Silva","Forward",6,2.76372747156514,"model_yellow_cards_lag-recoveries_lag",100,5.6,4,65,"433",64.6,45.5980180548113,"F1","60.1m - 65m"
"271","Emersonn, Correia da Silva","Forward",6,2.76372747156514,"model_yellow_cards_lag-recoveries_lag",100,5.6,4,65,"442",65,47.2887928958837,"F1","60.1m - 65m"
"272","Emersonn, Correia da Silva","Forward",6,2.76372747156514,"model_yellow_cards_lag-recoveries_lag",100,5.6,4,65,"451",64.5,48.4169955626288,"F1","60.1m - 65m"
"273","Emersonn, Correia da Silva","Forward",6,2.76372747156514,"model_yellow_cards_lag-recoveries_lag",100,5.6,4,65,"523",64.8,45.9751474560233,"F2","60.1m - 65m"
"274","Emersonn, Correia da Silva","Forward",6,2.76372747156514,"model_yellow_cards_lag-recoveries_lag",100,5.6,4,65,"532",64.1,47.5931597857872,"F1","60.1m - 65m"
"275","Emersonn, Correia da Silva","Forward",6,2.76372747156514,"model_yellow_cards_lag-recoveries_lag",100,5.6,4,65,"541",64.1,49.152032483129,"F1","60.1m - 65m"
"276","João Pedro, Junqueira de Jesus","Forward",6,2.55646443381251,"model_yellow_cards_lag-recoveries_lag",100,7.7,7,80,"343",75.1,43.1275346917991,"F2","75.1m - 80m"
"277","João Pedro, Junqueira de Jesus","Forward",6,2.55646443381251,"model_yellow_cards_lag-recoveries_lag",100,7.7,7,80,"352",75.1,46.2327801761173,"F2","75.1m - 80m"
"278","João Pedro, Junqueira de Jesus","Forward",6,2.55646443381251,"model_yellow_cards_lag-recoveries_lag",100,7.7,7,80,"442",75.1,43.2418921145035,"F2","75.1m - 80m"
"279","João Pedro, Junqueira de Jesus","Forward",6,2.55646443381251,"model_yellow_cards_lag-recoveries_lag",100,7.7,7,75,"343",70.6,45.9285410430282,"F3","70.1m - 75m"
"280","João Pedro, Junqueira de Jesus","Forward",6,2.55646443381251,"model_yellow_cards_lag-recoveries_lag",100,7.7,7,75,"352",70.9,47.1453707677043,"F2","70.1m - 75m"
"281","João Pedro, Junqueira de Jesus","Forward",6,2.55646443381251,"model_yellow_cards_lag-recoveries_lag",100,7.7,7,75,"433",70.3,45.8481609764179,"F2","70.1m - 75m"
"282","João Pedro, Junqueira de Jesus","Forward",6,2.55646443381251,"model_yellow_cards_lag-recoveries_lag",100,7.7,7,75,"442",70.9,47.858674494677,"F2","70.1m - 75m"
"283","João Pedro, Junqueira de Jesus","Forward",6,2.55646443381251,"model_yellow_cards_lag-recoveries_lag",100,7.7,7,75,"523",70.1,44.556695184448,"F2","70.1m - 75m"
"284","João Pedro, Junqueira de Jesus","Forward",6,2.55646443381251,"model_yellow_cards_lag-recoveries_lag",100,7.7,7,70,"433",68.5,46.2410100666614,"F3","65.1m - 70m"
"285","João Pedro, Junqueira de Jesus","Forward",6,2.55646443381251,"model_yellow_cards_lag-recoveries_lag",100,7.7,7,70,"523",66.6,46.1099273909364,"F3","65.1m - 70m"
"286","Danny, Welbeck","Forward",6,2.42168449889949,"model_yellow_cards_lag-recoveries_lag",100,5.9,2,80,"343",75.1,43.1275346917991,"F3","75.1m - 80m"
"287","Danny, Welbeck","Forward",6,2.42168449889949,"model_yellow_cards_lag-recoveries_lag",100,5.9,2,75,"433",70.3,45.8481609764179,"F3","70.1m - 75m"
"288","Danny, Welbeck","Forward",6,2.42168449889949,"model_yellow_cards_lag-recoveries_lag",100,5.9,2,75,"523",70.1,44.556695184448,"F3","70.1m - 75m"
"289","Danny, Welbeck","Forward",6,2.42168449889949,"model_yellow_cards_lag-recoveries_lag",100,5.9,2,70,"343",68.8,45.7937611081152,"F3","65.1m - 70m"
"290","Danny, Welbeck","Forward",6,2.42168449889949,"model_yellow_cards_lag-recoveries_lag",100,5.9,2,65,"343",64.6,44.8847143278386,"F2","60.1m - 65m"
"291","Danny, Welbeck","Forward",6,2.42168449889949,"model_yellow_cards_lag-recoveries_lag",100,5.9,2,65,"352",64.5,46.1448191383144,"F2","60.1m - 65m"
"292","Danny, Welbeck","Forward",6,2.42168449889949,"model_yellow_cards_lag-recoveries_lag",100,5.9,2,65,"433",64.6,45.5980180548113,"F2","60.1m - 65m"
"293","Danny, Welbeck","Forward",6,2.42168449889949,"model_yellow_cards_lag-recoveries_lag",100,5.9,2,65,"442",65,47.2887928958837,"F2","60.1m - 65m"
"294","Danny, Welbeck","Forward",6,2.42168449889949,"model_yellow_cards_lag-recoveries_lag",100,5.9,2,65,"523",64.8,45.9751474560233,"F3","60.1m - 65m"
"295","Danny, Welbeck","Forward",6,2.42168449889949,"model_yellow_cards_lag-recoveries_lag",100,5.9,2,65,"532",64.1,47.5931597857872,"F2","60.1m - 65m"
"296","Tammy, Abraham","Forward",6,2.28978235516881,"model_yellow_cards_lag-recoveries_lag",100,5.5,9,65,"343",64.6,44.8847143278386,"F3","60.1m - 65m"
"297","Tammy, Abraham","Forward",6,2.28978235516881,"model_yellow_cards_lag-recoveries_lag",100,5.5,9,65,"433",64.6,45.5980180548113,"F3","60.1m - 65m"
